trace_idx,field_record,trace_number,source_x,source_y,receiver_x,receiver_y,receiver_elev_m,source_offset_m,pick_time_s,pick_quality,flag
0,40,0,434672.2,6478567.68,434686.76,6478556.8,1741.06,861.2261287260469,0.803,8.245858670088802,ok
1,41,0,434671.92,6478567.68,434686.76,6478556.8,1741.06,861.4862552591876,0.802,8.024539092146634,ok
2,42,0,434671.96,6478567.68,434686.76,6478556.8,1741.06,861.449093562956,0.803,8.138163456736175,ok
3,43,0,434672.04000000004,6478567.68,434686.76,6478556.8,1741.06,861.3747709333102,0.803,8.262462015263873,ok
4,40,0,434672.2,6478567.68,434678.88,6478555.5200000005,1756.3,861.2261287260469,0.808,8.491897220512303,ok
5,41,0,434671.92,6478567.68,434678.88,6478555.5200000005,1756.3,861.4862552591876,0.808,8.126450282681656,ok
6,42,0,434671.96,6478567.68,434678.88,6478555.5200000005,1756.3,861.449093562956,0.808,8.64435935686356,ok
7,43,0,434672.04000000004,6478567.68,434678.88,6478555.5200000005,1756.3,861.3747709333102,0.808,8.579727694468067,ok
8,40,0,434672.2,6478567.68,434671.36,6478554.24,1771.54,861.2261287260469,0.81,8.379832171113959,ok
9,41,0,434671.92,6478567.68,434671.36,6478554.24,1771.54,861.4862552591876,0.81,8.057290299105334,ok
10,42,0,434671.96,6478567.68,434671.36,6478554.24,1771.54,861.449093562956,0.81,8.565255233562901,ok
11,43,0,434672.04000000004,6478567.68,434671.36,6478554.24,1771.54,861.3747709333102,0.81,8.49821840564658,ok
12,40,0,434672.2,6478567.68,434664.04000000004,6478552.32,1786.78,861.2261287260469,0.8190000000000001,8.002577065746506,ok
13,41,0,434671.92,6478567.68,434664.04000000004,6478552.32,1786.78,861.4862552591876,0.8190000000000001,8.333848283155653,ok
14,42,0,434671.96,6478567.68,434664.04000000004,6478552.32,1786.78,861.449093562956,0.8190000000000001,8.201049963752334,ok
15,43,0,434672.04000000004,6478567.68,434664.04000000004,6478552.32,1786.78,861.3747709333102,0.8190000000000001,8.199532065292065,ok
16,473,0,434585.4,6478558.08,434582.60000000003,6478552.32,2228.75,945.7008812516799,1.0190000000000001,8.302341794407903,ok
17,474,0,434585.96,6478558.08,434582.60000000003,6478552.32,2228.75,945.1757322319528,1.0190000000000001,8.925875766182001,ok
18,475,0,434586.24,6478558.72,434582.60000000003,6478552.32,2228.75,944.6909886309285,1.0190000000000001,8.148843946374706,ok
19,473,0,434585.4,6478558.08,434584.60000000003,6478554.24,2243.9900000000002,945.7008812516799,1.024,9.035939149010003,ok
20,474,0,434585.96,6478558.08,434584.60000000003,6478554.24,2243.9900000000002,945.1757322319528,1.025,8.759773299321049,ok
21,475,0,434586.24,6478558.72,434584.60000000003,6478554.24,2243.9900000000002,944.6909886309285,1.025,8.908966287508028,ok
22,473,0,434585.4,6478558.08,434586.96,6478555.5200000005,2259.23,945.7008812516799,1.029,8.632456185043665,ok
23,474,0,434585.96,6478558.08,434586.96,6478555.5200000005,2259.23,945.1757322319528,1.029,8.210581584150612,ok
24,475,0,434586.24,6478558.72,434586.96,6478555.5200000005,2259.23,944.6909886309285,1.029,8.461324506452549,ok
25,473,0,434585.4,6478558.08,434589.32,6478556.8,2274.4700000000003,945.7008812516799,1.033,8.106563590057894,ok
26,474,0,434585.96,6478558.08,434589.32,6478556.8,2274.4700000000003,945.1757322319528,1.033,8.868308028545037,ok
27,475,0,434586.24,6478558.72,434589.32,6478556.8,2274.4700000000003,944.6909886309285,1.033,9.01561882249719,ok
29,467,0,434598.2,6478565.12,434592.60000000003,6478558.72,2289.76,931.2554347761928,1.037,8.73128461024881,ok
30,469,0,434598.0,6478565.76,434592.60000000003,6478558.72,2289.76,931.2225985232699,1.037,8.388038866448905,ok
31,470,0,434597.64,6478563.84,434592.60000000003,6478558.72,2289.76,932.223193875995,1.037,8.848474908213563,ok
32,471,0,434597.4,6478565.76,434592.60000000003,6478558.72,2289.76,931.785932497583,,,no_trigger
33,472,0,434596.44,6478567.68,434592.60000000003,6478558.72,2289.76,932.0290467579174,1.037,8.872502192716537,ok
35,467,0,434598.2,6478565.12,434595.84,6478560.0,2305.0,931.2554347761928,1.042,8.735681163496707,ok
36,469,0,434598.0,6478565.76,434595.84,6478560.0,2305.0,931.2225985232699,1.042,8.53559873295449,ok
37,470,0,434597.64,6478563.84,434595.84,6478560.0,2305.0,932.223193875995,1.042,8.092904494111988,ok
38,471,0,434597.4,6478565.76,434595.84,6478560.0,2305.0,931.785932497583,,,no_trigger
39,472,0,434596.44,6478567.68,434595.84,6478560.0,2305.0,932.0290467579174,1.042,8.021132029247873,ok
41,467,0,434598.2,6478565.12,434599.44,6478561.92,2320.2400000000002,931.2554347761928,1.048,8.479756683504988,ok
42,469,0,434598.0,6478565.76,434599.44,6478561.92,2320.2400000000002,931.2225985232699,1.049,8.248992657979556,ok
43,470,0,434597.64,6478563.84,434599.44,6478561.92,2320.2400000000002,932.223193875995,1.048,8.57904428637078,ok
44,471,0,434597.4,6478565.76,434599.44,6478561.92,2320.2400000000002,931.785932497583,,,no_trigger
45,472,0,434596.44,6478567.68,434599.44,6478561.92,2320.2400000000002,932.0290467579174,1.048,8.519667774833547,ok
47,467,0,434598.2,6478565.12,434603.36,6478563.2,2335.48,931.2554347761928,1.057,8.609656463737872,ok
48,469,0,434598.0,6478565.76,434603.36,6478563.2,2335.48,931.2225985232699,1.058,8.35798780841008,ok
49,470,0,434597.64,6478563.84,434603.36,6478563.2,2335.48,932.223193875995,1.057,8.666437609020642,ok
50,471,0,434597.4,6478565.76,434603.36,6478563.2,2335.48,931.785932497583,,,no_trigger
51,472,0,434596.44,6478567.68,434603.36,6478563.2,2335.48,932.0290467579174,1.057,8.62954751385273,ok
52,459,0,434615.36,6478571.5200000005,434607.36,6478565.12,2350.66,912.9410171528067,1.064,8.746554701881921,ok
53,460,0,434614.96,6478571.5200000005,434607.36,6478565.12,2350.66,913.3164822776065,1.064,8.10191930289602,ok
55,462,0,434615.72000000003,6478571.5200000005,434607.36,6478565.12,2350.66,912.603116365447,1.064,8.924908758226826,ok
57,459,0,434615.36,6478571.5200000005,434611.92,6478567.68,2365.9,912.9410171528067,1.069,8.363206567997695,ok
58,460,0,434614.96,6478571.5200000005,434611.92,6478567.68,2365.9,913.3164822776065,1.069,8.719565043747531,ok
60,462,0,434615.72000000003,6478571.5200000005,434611.92,6478567.68,2365.9,912.603116365447,1.069,8.614678474087363,ok
62,459,0,434615.36,6478571.5200000005,434616.72000000003,6478568.96,2381.14,912.9410171528067,1.075,8.509816098049676,ok
63,460,0,434614.96,6478571.5200000005,434616.72000000003,6478568.96,2381.14,913.3164822776065,1.075,8.851673578530335,ok
65,462,0,434615.72000000003,6478571.5200000005,434616.72000000003,6478568.96,2381.14,912.603116365447,1.075,8.739568938245615,ok
67,459,0,434615.36,6478571.5200000005,434621.56,6478570.88,2396.38,912.9410171528067,1.08,8.911978708606751,ok
68,460,0,434614.96,6478571.5200000005,434621.56,6478570.88,2396.38,913.3164822776065,1.08,8.466464458244289,ok
70,462,0,434615.72000000003,6478571.5200000005,434621.56,6478570.88,2396.38,912.603116365447,1.08,8.325523130978889,ok
72,442,0,434636.60000000003,6478581.76,434627.2,6478573.44,2411.66,889.475458908424,1.085,8.794123239524549,ok
73,443,0,434636.76,6478581.76,434627.2,6478573.44,2411.66,889.3251373937399,1.085,8.74732426674376,ok
74,444,0,434637.2,6478581.76,434627.2,6478573.44,2411.66,888.911770650153,1.085,8.616328360697464,ok
75,445,0,434637.52,6478581.76,434627.2,6478573.44,2411.66,888.6111563560175,1.085,8.211380331176088,ok
76,446,0,434637.04000000004,6478581.76,434627.2,6478573.44,2411.66,889.0620828718023,1.085,8.783197021220856,ok
77,442,0,434636.60000000003,6478581.76,434632.8,6478574.72,2426.9,889.475458908424,1.091,8.033190219850535,ok
78,443,0,434636.76,6478581.76,434632.8,6478574.72,2426.9,889.3251373937399,1.091,8.805255683150836,ok
79,444,0,434637.2,6478581.76,434632.8,6478574.72,2426.9,888.911770650153,1.091,8.680734106754159,ok
80,445,0,434637.52,6478581.76,434632.8,6478574.72,2426.9,888.6111563560175,1.091,8.257684944441394,ok
81,446,0,434637.04000000004,6478581.76,434632.8,6478574.72,2426.9,889.0620828718023,1.091,8.049076816185401,ok
82,442,0,434636.60000000003,6478581.76,434638.72000000003,6478578.5600000005,2442.14,889.475458908424,1.096,8.79736924278208,ok
83,443,0,434636.76,6478581.76,434638.72000000003,6478578.5600000005,2442.14,889.3251373937399,1.096,8.745267619075506,ok
84,444,0,434637.2,6478581.76,434638.72000000003,6478578.5600000005,2442.14,888.911770650153,1.096,8.581589985215038,ok
85,445,0,434637.52,6478581.76,434638.72000000003,6478578.5600000005,2442.14,888.6111563560175,1.096,8.1218701072069,ok
86,446,0,434637.04000000004,6478581.76,434638.72000000003,6478578.5600000005,2442.14,889.0620828718023,1.096,8.792434540645994,ok
87,442,0,434636.60000000003,6478581.76,434645.08,6478580.48,2457.38,889.475458908424,1.102,8.604369264462132,ok
88,443,0,434636.76,6478581.76,434645.08,6478580.48,2457.38,889.3251373937399,1.102,8.577667046018005,ok
89,444,0,434637.2,6478581.76,434645.08,6478580.48,2457.38,888.911770650153,1.103,8.4646407023412,ok
90,445,0,434637.52,6478581.76,434645.08,6478580.48,2457.38,888.6111563560175,1.102,8.018064208374698,ok
91,446,0,434637.04000000004,6478581.76,434645.08,6478580.48,2457.38,889.0620828718023,1.102,8.671217860093012,ok
92,430,0,434660.56,6478592.640000001,434651.48,6478583.68,2472.66,863.2405782862144,1.108,8.633055216256793,ok
94,432,0,434661.68,6478592.640000001,434651.48,6478583.68,2472.66,862.1875072163393,,,no_trigger
95,433,0,434661.4,6478593.28,434651.48,6478583.68,2472.66,862.2329782605586,1.108,8.584997213001358,ok
96,434,0,434661.52,6478594.5600000005,434651.48,6478583.68,2472.66,861.6857682472934,1.108,8.843317918683098,ok
97,435,0,434661.92,6478594.5600000005,434651.48,6478583.68,2472.66,861.3094189662532,1.108,8.135522353495281,ok
98,436,0,434661.60000000003,6478593.28,434651.48,6478583.68,2472.66,862.044892566538,1.108,8.69317058759445,ok
99,51,0,434664.76,6478592.640000001,434651.48,6478583.68,2472.67,859.2924345063784,1.104,8.640272729054502,ok
100,52,0,434665.56,6478593.28,434651.48,6478583.68,2472.67,858.321905114925,1.104,8.671860870160153,ok
101,53,0,434664.2,6478592.640000001,434651.48,6478583.68,2472.67,859.8187157767007,1.104,8.057852234361377,ok
102,430,0,434660.56,6478592.640000001,434658.4,6478586.24,2487.9,863.2405782862144,1.113,8.384463754531208,ok
104,432,0,434661.68,6478592.640000001,434658.4,6478586.24,2487.9,862.1875072163393,,,no_trigger
105,433,0,434661.4,6478593.28,434658.4,6478586.24,2487.9,862.2329782605586,1.113,8.322056179590364,ok
106,434,0,434661.52,6478594.5600000005,434658.4,6478586.24,2487.9,861.6857682472934,1.113,8.586749237516846,ok
107,435,0,434661.92,6478594.5600000005,434658.4,6478586.24,2487.9,861.3094189662532,1.113,8.684712971228729,ok
108,436,0,434661.60000000003,6478593.28,434658.4,6478586.24,2487.9,862.044892566538,1.113,8.447217122462352,ok
109,51,0,434664.76,6478592.640000001,434658.4,6478586.24,2487.91,859.2924345063784,1.111,8.12260112008636,ok
110,52,0,434665.56,6478593.28,434658.4,6478586.24,2487.91,858.321905114925,1.111,8.467633335783368,ok
111,53,0,434664.2,6478592.640000001,434658.4,6478586.24,2487.91,859.8187157767007,1.111,8.597875721952901,ok
112,430,0,434660.56,6478592.640000001,434665.52,6478588.8,2503.14,863.2405782862144,1.118,8.679981810515189,ok
114,432,0,434661.68,6478592.640000001,434665.52,6478588.8,2503.14,862.1875072163393,,,no_trigger
115,433,0,434661.4,6478593.28,434665.52,6478588.8,2503.14,862.2329782605586,1.118,8.634216108670316,ok
116,434,0,434661.52,6478594.5600000005,434665.52,6478588.8,2503.14,861.6857682472934,1.118,8.741017496412168,ok
117,435,0,434661.92,6478594.5600000005,434665.52,6478588.8,2503.14,861.3094189662532,1.118,8.12854229526477,ok
118,436,0,434661.60000000003,6478593.28,434665.52,6478588.8,2503.14,862.044892566538,1.118,8.644520467276141,ok
119,51,0,434664.76,6478592.640000001,434665.52,6478588.8,2503.15,859.2924345063784,1.116,8.30407922252138,ok
120,52,0,434665.56,6478593.28,434665.52,6478588.8,2503.15,858.321905114925,1.116,8.21470046831708,ok
121,53,0,434664.2,6478592.640000001,434665.52,6478588.8,2503.15,859.8187157767007,1.116,8.381138608672897,ok
122,430,0,434660.56,6478592.640000001,434672.72000000003,6478592.640000001,2518.38,863.2405782862144,1.12,8.612444519136735,ok
124,432,0,434661.68,6478592.640000001,434672.72000000003,6478592.640000001,2518.38,862.1875072163393,,,no_trigger
125,433,0,434661.4,6478593.28,434672.72000000003,6478592.640000001,2518.38,862.2329782605586,1.121,8.580050605994513,ok
126,434,0,434661.52,6478594.5600000005,434672.72000000003,6478592.640000001,2518.38,861.6857682472934,1.12,8.683542215459982,ok
127,435,0,434661.92,6478594.5600000005,434672.72000000003,6478592.640000001,2518.38,861.3094189662532,1.12,8.739228585253354,ok
128,436,0,434661.60000000003,6478593.28,434672.72000000003,6478592.640000001,2518.38,862.044892566538,1.12,8.640950484316214,ok
129,51,0,434664.76,6478592.640000001,434672.72000000003,6478592.640000001,2518.39,859.2924345063784,1.119,8.578846630524597,ok
130,52,0,434665.56,6478593.28,434672.72000000003,6478592.640000001,2518.39,858.321905114925,1.12,8.496626843720387,ok
131,53,0,434664.2,6478592.640000001,434672.72000000003,6478592.640000001,2518.39,859.8187157767007,1.12,8.721953832420617,ok
132,419,0,434692.64,6478602.88,434680.52,6478595.2,2533.54,829.5915380476686,1.1300000000000001,8.14298199494085,ok
133,420,0,434692.8,6478604.16,434680.52,6478595.2,2533.54,829.0045162724916,1.1300000000000001,8.218936411832395,ok
134,421,0,434693.32,6478604.8,434680.52,6478595.2,2533.54,828.2977976551352,1.1300000000000001,8.16353345732317,ok
135,422,0,434693.36,6478604.8,434680.52,6478595.2,2533.54,828.2601803783518,1.1300000000000001,8.125667376036402,ok
136,423,0,434693.92,6478604.8,434680.52,6478595.2,2533.54,827.7335619632586,1.1300000000000001,8.226816416718275,ok
137,419,0,434692.64,6478602.88,434688.44,6478598.4,2548.78,829.5915380476686,1.1360000000000001,8.623248671685335,ok
138,420,0,434692.8,6478604.16,434688.44,6478598.4,2548.78,829.0045162724916,1.1360000000000001,8.703794564523855,ok
139,421,0,434693.32,6478604.8,434688.44,6478598.4,2548.78,828.2977976551352,1.135,8.014170637581337,ok
140,422,0,434693.36,6478604.8,434688.44,6478598.4,2548.78,828.2601803783518,1.1360000000000001,8.653318747748648,ok
141,423,0,434693.92,6478604.8,434688.44,6478598.4,2548.78,827.7335619632586,1.135,8.021085499450844,ok
142,419,0,434692.64,6478602.88,434696.68,6478602.24,2564.02,829.5915380476686,1.139,8.378572055835125,ok
143,420,0,434692.8,6478604.16,434696.68,6478602.24,2564.02,829.0045162724916,1.139,8.416899191072599,ok
144,421,0,434693.32,6478604.8,434696.68,6478602.24,2564.02,828.2977976551352,1.139,8.575848041082748,ok
145,422,0,434693.36,6478604.8,434696.68,6478602.24,2564.02,828.2601803783518,1.139,8.414863307934814,ok
146,423,0,434693.92,6478604.8,434696.68,6478602.24,2564.02,827.7335619632586,1.139,8.538204706865747,ok
147,419,0,434692.64,6478602.88,434705.60000000003,6478605.44,2579.26,829.5915380476686,1.145,8.203716630616858,ok
148,420,0,434692.8,6478604.16,434705.60000000003,6478605.44,2579.26,829.0045162724916,1.145,8.29908606056556,ok
149,421,0,434693.32,6478604.8,434705.60000000003,6478605.44,2579.26,828.2977976551352,1.145,8.53679309126886,ok
150,422,0,434693.36,6478604.8,434705.60000000003,6478605.44,2579.26,828.2601803783518,1.145,8.313605264362476,ok
151,423,0,434693.92,6478604.8,434705.60000000003,6478605.44,2579.26,827.7335619632586,1.145,8.498339983420859,ok
152,409,0,434728.8,6478619.5200000005,434714.48,6478608.640000001,2594.56,789.9287593194713,1.1480000000000001,8.586776666530357,ok
153,410,0,434728.92,6478618.24,434714.48,6478608.640000001,2594.56,790.2492487817661,1.1480000000000001,8.62688723977128,ok
154,411,0,434728.64,6478618.24,434714.48,6478608.640000001,2594.56,790.5126407592105,1.1480000000000001,8.69561825086533,ok
155,412,0,434727.2,6478617.600000001,434714.48,6478608.640000001,2594.56,792.0843682335386,1.1480000000000001,8.436320693797736,ok
156,413,0,434728.28,6478618.24,434714.48,6478608.640000001,2594.56,790.8513043550474,1.1480000000000001,8.66277068565998,ok
157,409,0,434728.8,6478619.5200000005,434723.4,6478611.84,2609.8,789.9287593194713,1.151,8.674372513718158,ok
158,410,0,434728.92,6478618.24,434723.4,6478611.84,2609.8,790.2492487817661,1.1520000000000001,8.674764462344848,ok
159,411,0,434728.64,6478618.24,434723.4,6478611.84,2609.8,790.5126407592105,1.151,8.00368303175904,ok
160,412,0,434727.2,6478617.600000001,434723.4,6478611.84,2609.8,792.0843682335386,1.1520000000000001,8.538782206246813,ok
161,413,0,434728.28,6478618.24,434723.4,6478611.84,2609.8,790.8513043550474,1.151,8.681312144220051,ok
162,409,0,434728.8,6478619.5200000005,434733.08,6478615.68,2625.04,789.9287593194713,1.155,8.191525616055293,ok
163,410,0,434728.92,6478618.24,434733.08,6478615.68,2625.04,790.2492487817661,1.155,8.149334181847953,ok
164,411,0,434728.64,6478618.24,434733.08,6478615.68,2625.04,790.5126407592105,1.155,8.232032127676346,ok
165,412,0,434727.2,6478617.600000001,434733.08,6478615.68,2625.04,792.0843682335386,1.156,8.11638934741715,ok
166,413,0,434728.28,6478618.24,434733.08,6478615.68,2625.04,790.8513043550474,1.155,8.170336171988351,ok
167,409,0,434728.8,6478619.5200000005,434742.92,6478618.88,2640.28,789.9287593194713,1.158,8.183126983590427,ok
168,410,0,434728.92,6478618.24,434742.92,6478618.88,2640.28,790.2492487817661,1.158,8.158827501189611,ok
169,411,0,434728.64,6478618.24,434742.92,6478618.88,2640.28,790.5126407592105,1.158,8.321966221250387,ok
170,412,0,434727.2,6478617.600000001,434742.92,6478618.88,2640.28,792.0843682335386,1.158,8.200330012947862,ok
171,413,0,434728.28,6478618.24,434742.92,6478618.88,2640.28,790.8513043550474,1.158,8.21966656848895,ok
172,399,0,434770.12,6478632.96,434752.84,6478622.72,2655.43,746.4988273267772,1.161,8.35955348687961,ok
173,400,0,434769.96,6478632.32,434752.84,6478622.72,2655.43,746.8668079383684,1.161,8.310504965281217,ok
174,401,0,434769.8,6478632.96,434752.84,6478622.72,2655.43,746.7998286021921,1.161,8.2046704130803,ok
175,402,0,434769.92,6478631.68,434752.84,6478622.72,2655.43,747.1223781954358,1.161,8.270098918892963,ok
176,403,0,434770.04000000004,6478631.68,434752.84,6478622.72,2655.43,747.0095688813689,1.161,8.310034116317635,ok
177,399,0,434770.12,6478632.96,434763.4,6478625.92,2670.67,746.4988273267772,1.159,8.351928879450956,ok
178,400,0,434769.96,6478632.32,434763.4,6478625.92,2670.67,746.8668079383684,1.164,8.32590888716328,ok
179,401,0,434769.8,6478632.96,434763.4,6478625.92,2670.67,746.7998286021921,1.164,8.201251438538387,ok
180,402,0,434769.92,6478631.68,434763.4,6478625.92,2670.67,747.1223781954358,1.164,8.288221548667414,ok
181,403,0,434770.04000000004,6478631.68,434763.4,6478625.92,2670.67,747.0095688813689,1.164,8.285431347885867,ok
182,399,0,434770.12,6478632.96,434773.96,6478629.76,2685.91,746.4988273267772,1.168,8.404208400017156,ok
183,400,0,434769.96,6478632.32,434773.96,6478629.76,2685.91,746.8668079383684,1.168,8.381642460553927,ok
184,401,0,434769.8,6478632.96,434773.96,6478629.76,2685.91,746.7998286021921,1.162,8.284734322428093,ok
185,402,0,434769.92,6478631.68,434773.96,6478629.76,2685.91,747.1223781954358,1.16,8.37948911108237,ok
186,403,0,434770.04000000004,6478631.68,434773.96,6478629.76,2685.91,747.0095688813689,1.161,8.380649747022394,ok
187,399,0,434770.12,6478632.96,434784.92,6478633.600000001,2701.15,746.4988273267772,1.162,8.109481720454822,ok
188,400,0,434769.96,6478632.32,434784.92,6478633.600000001,2701.15,746.8668079383684,1.171,8.441093069025127,ok
189,401,0,434769.8,6478632.96,434784.92,6478633.600000001,2701.15,746.7998286021921,1.171,8.385062206405282,ok
190,402,0,434769.92,6478631.68,434784.92,6478633.600000001,2701.15,747.1223781954358,1.162,8.089995622248843,ok
191,403,0,434770.04000000004,6478631.68,434784.92,6478633.600000001,2701.15,747.0095688813689,1.162,8.078178221103016,ok
192,389,0,434813.28,6478649.600000001,434796.16000000003,6478636.8,2716.48,700.2536968841448,1.173,8.430174179961213,ok
193,390,0,434813.24,6478648.96,434796.16000000003,6478636.8,2716.48,700.5080122312976,1.173,8.476393097017253,ok
194,391,0,434812.36,6478647.68,434796.16000000003,6478636.8,2716.48,701.7703647208077,1.174,8.456249003453522,ok
195,392,0,434810.28,6478645.76,434796.16000000003,6478636.8,2716.48,704.380301825858,1.173,8.525250563870463,ok
196,393,0,434812.32,6478647.68,434796.16000000003,6478636.8,2716.48,701.8079794362186,1.173,8.005921677084796,ok
197,389,0,434813.28,6478649.600000001,434807.36,6478641.28,2731.7200000000003,700.2536968841448,1.176,8.468558736901677,ok
198,390,0,434813.24,6478648.96,434807.36,6478641.28,2731.7200000000003,700.5080122312976,1.176,8.532358276744962,ok
199,391,0,434812.36,6478647.68,434807.36,6478641.28,2731.7200000000003,701.7703647208077,1.176,8.494328128315528,ok
200,392,0,434810.28,6478645.76,434807.36,6478641.28,2731.7200000000003,704.380301825858,1.176,8.603154486934898,ok
201,393,0,434812.32,6478647.68,434807.36,6478641.28,2731.7200000000003,701.8079794362186,1.176,8.110822010780465,ok
202,389,0,434813.28,6478649.600000001,434819.08,6478644.48,2746.96,700.2536968841448,1.18,8.389217916436513,ok
203,390,0,434813.24,6478648.96,434819.08,6478644.48,2746.96,700.5080122312976,1.18,8.526579523799006,ok
204,391,0,434812.36,6478647.68,434819.08,6478644.48,2746.96,701.7703647208077,1.18,8.546060490679327,ok
205,392,0,434810.28,6478645.76,434819.08,6478644.48,2746.96,704.380301825858,1.179,8.552978988995283,ok
206,393,0,434812.32,6478647.68,434819.08,6478644.48,2746.96,701.8079794362186,1.18,8.075056341107103,ok
207,389,0,434813.28,6478649.600000001,434830.8,6478648.96,2762.2000000000003,700.2536968841448,1.183,8.666601036401238,ok
208,390,0,434813.24,6478648.96,434830.8,6478648.96,2762.2000000000003,700.5080122312976,1.183,8.022758291518489,ok
209,391,0,434812.36,6478647.68,434830.8,6478648.96,2762.2000000000003,701.7703647208077,1.183,8.749685524796615,ok
210,392,0,434810.28,6478645.76,434830.8,6478648.96,2762.2000000000003,704.380301825858,1.182,8.068491938441547,ok
211,393,0,434812.32,6478647.68,434830.8,6478648.96,2762.2000000000003,701.8079794362186,1.183,8.069808646405354,ok
212,379,0,434853.8,6478677.12,434842.64,6478652.8,2777.4700000000003,652.928502058348,1.186,8.07151020134188,ok
213,380,0,434854.0,6478677.12,434842.64,6478652.8,2777.4700000000003,652.7390572044419,1.186,8.999665584216956,ok
214,381,0,434853.48,6478675.84,434842.64,6478652.8,2777.4700000000003,653.6428333580023,1.186,8.162165990634074,ok
215,382,0,434853.08,6478675.84,434842.64,6478652.8,2777.4700000000003,654.0215238050151,1.186,8.968739418560427,ok
216,383,0,434853.04000000004,6478675.84,434842.64,6478652.8,2777.4700000000003,654.0593942450548,1.186,8.320423411875884,ok
217,379,0,434853.8,6478677.12,434854.8,6478657.28,2792.71,652.928502058348,1.188,8.935263495329378,ok
218,380,0,434854.0,6478677.12,434854.8,6478657.28,2792.71,652.7390572044419,1.188,8.928108351089502,ok
219,381,0,434853.48,6478675.84,434854.8,6478657.28,2792.71,653.6428333580023,1.188,8.928312206462016,ok
220,382,0,434853.08,6478675.84,434854.8,6478657.28,2792.71,654.0215238050151,1.189,8.76858400009444,ok
221,383,0,434853.04000000004,6478675.84,434854.8,6478657.28,2792.71,654.0593942450548,1.188,9.007230513788459,ok
222,379,0,434853.8,6478677.12,434866.96,6478661.76,2807.9500000000003,652.928502058348,1.191,8.405463994253857,ok
223,380,0,434854.0,6478677.12,434866.96,6478661.76,2807.9500000000003,652.7390572044419,1.191,8.337445917363198,ok
224,381,0,434853.48,6478675.84,434866.96,6478661.76,2807.9500000000003,653.6428333580023,1.191,8.583515571763808,ok
225,382,0,434853.08,6478675.84,434866.96,6478661.76,2807.9500000000003,654.0215238050151,1.191,8.323761018621905,ok
226,383,0,434853.04000000004,6478675.84,434866.96,6478661.76,2807.9500000000003,654.0593942450548,1.191,8.70415731126151,ok
227,379,0,434853.8,6478677.12,434879.4,6478666.24,2823.19,652.928502058348,1.192,8.424699071081688,ok
228,380,0,434854.0,6478677.12,434879.4,6478666.24,2823.19,652.7390572044419,1.192,8.371634178880356,ok
229,381,0,434853.48,6478675.84,434879.4,6478666.24,2823.19,653.6428333580023,1.192,8.524822619753685,ok
230,382,0,434853.08,6478675.84,434879.4,6478666.24,2823.19,654.0215238050151,1.192,8.14993265132587,ok
231,383,0,434853.04000000004,6478675.84,434879.4,6478666.24,2823.19,654.0593942450548,1.192,8.698384110353988,ok
232,369,0,434902.32,6478697.600000001,434891.96,6478670.72,2838.35,600.4163901826412,1.194,8.790903510009022,ok
233,370,0,434902.64,6478697.600000001,434891.96,6478670.72,2838.35,600.112630761881,1.194,8.715679890416029,ok
234,371,0,434902.32,6478698.88,434891.96,6478670.72,2838.35,600.0151264761627,1.194,8.639001464661007,ok
235,372,0,434902.08,6478698.24,434891.96,6478670.72,2838.35,600.4433575284761,1.194,8.694403251947433,ok
236,373,0,434901.4,6478697.600000001,434891.96,6478670.72,2838.35,601.2897923629961,1.194,8.672871344003314,ok
237,369,0,434902.32,6478697.600000001,434904.52,6478674.5600000005,2853.59,600.4163901826412,1.195,9.07477571319406,ok
238,370,0,434902.64,6478697.600000001,434904.52,6478674.5600000005,2853.59,600.112630761881,1.196,8.981521628039866,ok
239,371,0,434902.32,6478698.88,434904.52,6478674.5600000005,2853.59,600.0151264761627,1.196,8.903021355478062,ok
240,372,0,434902.08,6478698.24,434904.52,6478674.5600000005,2853.59,600.4433575284761,1.196,8.897213001904522,ok
241,373,0,434901.4,6478697.600000001,434904.52,6478674.5600000005,2853.59,601.2897923629961,1.196,8.998549515980997,ok
242,369,0,434902.32,6478697.600000001,434917.36,6478679.04,2868.83,600.4163901826412,1.197,8.570457595295611,ok
243,370,0,434902.64,6478697.600000001,434917.36,6478679.04,2868.83,600.112630761881,1.197,8.551620580090866,ok
244,371,0,434902.32,6478698.88,434917.36,6478679.04,2868.83,600.0151264761627,1.197,8.37730929823668,ok
245,372,0,434902.08,6478698.24,434917.36,6478679.04,2868.83,600.4433575284761,1.197,8.485710687471483,ok
246,373,0,434901.4,6478697.600000001,434917.36,6478679.04,2868.83,601.2897923629961,1.197,8.463522787184637,ok
247,369,0,434902.32,6478697.600000001,434930.16000000003,6478683.5200000005,2884.07,600.4163901826412,1.199,8.357532254289836,ok
248,370,0,434902.64,6478697.600000001,434930.16000000003,6478683.5200000005,2884.07,600.112630761881,1.199,8.407149777229574,ok
249,371,0,434902.32,6478698.88,434930.16000000003,6478683.5200000005,2884.07,600.0151264761627,1.199,8.24335113656031,ok
250,372,0,434902.08,6478698.24,434930.16000000003,6478683.5200000005,2884.07,600.4433575284761,1.199,8.289283152366595,ok
251,373,0,434901.4,6478697.600000001,434930.16000000003,6478683.5200000005,2884.07,601.2897923629961,1.199,8.291588090707576,ok
252,359,0,434956.28,6478718.08,434943.04000000004,6478687.36,2899.3,542.7592674474572,1.201,9.133382558077843,ok
253,360,0,434955.96,6478718.08,434943.04000000004,6478687.36,2899.3,543.0634997862659,1.202,9.045388037286306,ok
254,361,0,434956.36,6478718.08,434943.04000000004,6478687.36,2899.3,542.683212196714,1.201,8.255660585057601,ok
255,362,0,434956.4,6478716.8,434943.04000000004,6478687.36,2899.3,543.0435842547026,1.201,9.046146546828936,ok
256,363,0,434956.48,6478716.8,434943.04000000004,6478687.36,2899.3,542.9675865097636,1.202,8.906800232947193,ok
257,359,0,434956.28,6478718.08,434956.08,6478691.84,2914.54,542.7592674474572,1.203,8.883512989966468,ok
258,360,0,434955.96,6478718.08,434956.08,6478691.84,2914.54,543.0634997862659,1.203,8.813092037077737,ok
259,361,0,434956.36,6478718.08,434956.08,6478691.84,2914.54,542.683212196714,1.202,8.955123505066606,ok
260,362,0,434956.4,6478716.8,434956.08,6478691.84,2914.54,543.0435842547026,1.203,8.74620952600995,ok
261,363,0,434956.48,6478716.8,434956.08,6478691.84,2914.54,542.9675865097636,1.203,8.60846287534136,ok
262,359,0,434956.28,6478718.08,434969.08,6478696.96,2929.78,542.7592674474572,1.204,8.673406811226908,ok
263,360,0,434955.96,6478718.08,434969.08,6478696.96,2929.78,543.0634997862659,1.204,8.735305844223292,ok
264,361,0,434956.36,6478718.08,434969.08,6478696.96,2929.78,542.683212196714,1.203,8.78178382429581,ok
265,362,0,434956.4,6478716.8,434969.08,6478696.96,2929.78,543.0435842547026,1.204,8.516796745540699,ok
266,363,0,434956.48,6478716.8,434969.08,6478696.96,2929.78,542.9675865097636,1.204,8.347207536182685,ok
267,359,0,434956.28,6478718.08,434982.32,6478701.44,2945.02,542.7592674474572,1.206,8.677670022769718,ok
268,360,0,434955.96,6478718.08,434982.32,6478701.44,2945.02,543.0634997862659,1.206,8.583826544413904,ok
269,361,0,434956.36,6478718.08,434982.32,6478701.44,2945.02,542.683212196714,1.206,8.790519588903793,ok
270,362,0,434956.4,6478716.8,434982.32,6478701.44,2945.02,543.0435842547026,1.206,8.503407830090335,ok
271,363,0,434956.48,6478716.8,434982.32,6478701.44,2945.02,542.9675865097636,1.206,8.252128875204834,ok
272,347,0,435024.92,6478732.8,434995.56,6478706.5600000005,2960.21,472.99464013898853,1.208,8.914281834514732,ok
275,347,0,435024.92,6478732.8,435008.84,6478711.04,2975.4500000000003,472.99464013898853,1.211,8.202803872783676,ok
278,347,0,435024.92,6478732.8,435022.48,6478716.16,2990.69,472.99464013898853,1.211,8.999777132601034,ok
281,347,0,435024.92,6478732.8,435036.12,6478721.28,3005.93,472.99464013898853,1.213,8.692116533908772,ok
284,336,0,435089.72000000003,6478744.32,435050.0,6478725.76,3021.29,408.0917543886661,0.935,8.31549106678218,ok
285,337,0,435086.92,6478743.68,435050.0,6478725.76,3021.29,410.93956733347727,1.212,8.608307433152504,ok
286,338,0,435084.92,6478741.76,435050.0,6478725.76,3021.29,413.4833723382437,1.212,8.18967637731541,ok
287,339,0,435081.96,6478741.76,435050.0,6478725.76,3021.29,416.2576509809494,1.212,8.670774393077421,ok
288,340,0,435079.12,6478741.12,435050.0,6478725.76,3021.29,419.14324997559174,1.211,8.162200005118734,ok
289,341,0,435076.48,6478739.84,435050.0,6478725.76,3021.29,422.06335259080447,1.212,8.518978575635497,ok
290,336,0,435089.72000000003,6478744.32,435064.0,6478731.5200000005,3036.53,408.0917543886661,1.211,8.42476523635672,ok
291,337,0,435086.92,6478743.68,435064.0,6478731.5200000005,3036.53,410.93956733347727,1.211,8.340436011689,ok
292,338,0,435084.92,6478741.76,435064.0,6478731.5200000005,3036.53,413.4833723382437,1.211,8.189526701526278,ok
293,339,0,435081.96,6478741.76,435064.0,6478731.5200000005,3036.53,416.2576509809494,1.211,8.854581388287691,ok
294,340,0,435079.12,6478741.12,435064.0,6478731.5200000005,3036.53,419.14324997559174,1.21,8.548230822450563,ok
295,341,0,435076.48,6478739.84,435064.0,6478731.5200000005,3036.53,422.06335259080447,1.211,8.292848185949243,ok
296,336,0,435089.72000000003,6478744.32,435078.0,6478736.0,3051.77,408.0917543886661,1.212,8.636275976155726,ok
297,337,0,435086.92,6478743.68,435078.0,6478736.0,3051.77,410.93956733347727,1.211,8.346260435598248,ok
298,338,0,435084.92,6478741.76,435078.0,6478736.0,3051.77,413.4833723382437,1.211,8.318612522605473,ok
299,339,0,435081.96,6478741.76,435078.0,6478736.0,3051.77,416.2576509809494,1.211,8.437243235941398,ok
300,340,0,435079.12,6478741.12,435078.0,6478736.0,3051.77,419.14324997559174,1.211,8.697468129523644,ok
301,341,0,435076.48,6478739.84,435078.0,6478736.0,3051.77,422.06335259080447,1.211,8.594339775551896,ok
302,336,0,435089.72000000003,6478744.32,435092.16000000003,6478741.12,3067.01,408.0917543886661,1.213,8.844907995254792,ok
303,337,0,435086.92,6478743.68,435092.16000000003,6478741.12,3067.01,410.93956733347727,1.213,8.656436577473249,ok
304,338,0,435084.92,6478741.76,435092.16000000003,6478741.12,3067.01,413.4833723382437,1.213,8.149291844194886,ok
305,339,0,435081.96,6478741.76,435092.16000000003,6478741.12,3067.01,416.2576509809494,1.212,8.339682757780231,ok
306,340,0,435079.12,6478741.12,435092.16000000003,6478741.12,3067.01,419.14324997559174,1.212,8.795267207054899,ok
307,341,0,435076.48,6478739.84,435092.16000000003,6478741.12,3067.01,422.06335259080447,1.213,8.691213475224332,ok
308,326,0,435137.24,6478759.68,435106.64,6478746.24,3082.54,358.2035175709403,1.212,8.755297231407493,ok
309,327,0,435134.48,6478759.68,435106.64,6478746.24,3082.54,360.78636116156247,1.212,8.447570846078586,ok
310,328,0,435132.04000000004,6478757.76,435106.64,6478746.24,3082.54,363.746487543381,1.211,8.425581535511983,ok
311,329,0,435129.96,6478757.76,435106.64,6478746.24,3082.54,365.6928109768609,1.212,8.722439798386942,ok
312,330,0,435129.36,6478757.76,435106.64,6478746.24,3082.54,366.25452352180184,1.212,8.398439000206952,ok
313,326,0,435137.24,6478759.68,435120.76,6478750.72,3097.78,358.2035175709403,1.04,8.21862597932134,ok
314,327,0,435134.48,6478759.68,435120.76,6478750.72,3097.78,360.78636116156247,1.213,8.269424179370278,ok
315,328,0,435132.04000000004,6478757.76,435120.76,6478750.72,3097.78,363.746487543381,1.213,8.143428355669018,ok
316,329,0,435129.96,6478757.76,435120.76,6478750.72,3097.78,365.6928109768609,1.213,8.04191235909485,ok
317,330,0,435129.36,6478757.76,435120.76,6478750.72,3097.78,366.25452352180184,1.213,8.724274202895506,ok
318,326,0,435137.24,6478759.68,435134.96,6478756.48,3113.02,358.2035175709403,1.214,8.83617546744887,ok
319,327,0,435134.48,6478759.68,435134.96,6478756.48,3113.02,360.78636116156247,1.214,8.267363344540156,ok
320,328,0,435132.04000000004,6478757.76,435134.96,6478756.48,3113.02,363.746487543381,1.214,8.145525357403592,ok
321,329,0,435129.96,6478757.76,435134.96,6478756.48,3113.02,365.6928109768609,1.214,8.756264328538286,ok
322,330,0,435129.36,6478757.76,435134.96,6478756.48,3113.02,366.25452352180184,1.214,8.787767412898521,ok
323,326,0,435137.24,6478759.68,435149.12,6478761.600000001,3128.26,358.2035175709403,1.214,8.854796312226927,ok
324,327,0,435134.48,6478759.68,435149.12,6478761.600000001,3128.26,360.78636116156247,1.214,8.352013388744124,ok
325,328,0,435132.04000000004,6478757.76,435149.12,6478761.600000001,3128.26,363.746487543381,1.214,8.013726662550454,ok
326,329,0,435129.96,6478757.76,435149.12,6478761.600000001,3128.26,365.6928109768609,1.214,8.364760834815156,ok
327,330,0,435129.36,6478757.76,435149.12,6478761.600000001,3128.26,366.25452352180184,1.215,8.458964732655545,ok
328,316,0,435185.96,6478777.600000001,435162.8,6478766.72,3142.98,306.2949271534928,1.214,8.94762167853821,ok
329,317,0,435185.52,6478777.600000001,435162.8,6478766.72,3142.98,306.70627251486854,1.214,8.151643248338237,ok
330,318,0,435185.44,6478776.96,435162.8,6478766.72,3142.98,307.00863049775063,1.214,8.12317537672645,ok
331,319,0,435184.16000000003,6478776.96,435162.8,6478766.72,3142.98,308.2048799095936,1.214,8.75354079591885,ok
332,320,0,435185.32,6478777.600000001,435162.8,6478766.72,3142.98,306.8932739568782,1.214,8.341807508093584,ok
333,316,0,435185.96,6478777.600000001,435176.92,6478771.84,3158.2200000000003,306.2949271534928,1.215,8.80122810571567,ok
334,317,0,435185.52,6478777.600000001,435176.92,6478771.84,3158.2200000000003,306.70627251486854,1.215,8.811028944610623,ok
335,318,0,435185.44,6478776.96,435176.92,6478771.84,3158.2200000000003,307.00863049775063,1.214,8.14853067757757,ok
336,319,0,435184.16000000003,6478776.96,435176.92,6478771.84,3158.2200000000003,308.2048799095936,1.215,8.9305519785033,ok
337,320,0,435185.32,6478777.600000001,435176.92,6478771.84,3158.2200000000003,306.8932739568782,1.215,8.890011078622152,ok
338,316,0,435185.96,6478777.600000001,435191.04000000004,6478777.600000001,3173.46,306.2949271534928,1.215,8.63537938852119,ok
339,317,0,435185.52,6478777.600000001,435191.04000000004,6478777.600000001,3173.46,306.70627251486854,1.215,8.196422412653323,ok
340,318,0,435185.44,6478776.96,435191.04000000004,6478777.600000001,3173.46,307.00863049775063,1.215,8.620866569272161,ok
341,319,0,435184.16000000003,6478776.96,435191.04000000004,6478777.600000001,3173.46,308.2048799095936,1.215,8.11613174050441,ok
342,320,0,435185.32,6478777.600000001,435191.04000000004,6478777.600000001,3173.46,306.8932739568782,1.215,8.407173350867588,ok
343,316,0,435185.96,6478777.600000001,435205.12,6478782.72,3188.7000000000003,306.2949271534928,1.216,8.545458025477428,ok
344,317,0,435185.52,6478777.600000001,435205.12,6478782.72,3188.7000000000003,306.70627251486854,1.216,8.30733760618117,ok
345,318,0,435185.44,6478776.96,435205.12,6478782.72,3188.7000000000003,307.00863049775063,1.216,8.833793507763234,ok
346,319,0,435184.16000000003,6478776.96,435205.12,6478782.72,3188.7000000000003,308.2048799095936,1.216,8.491506650174188,ok
347,320,0,435185.32,6478777.600000001,435205.12,6478782.72,3188.7000000000003,306.8932739568782,1.216,8.596991511472375,ok
348,311,0,435252.60000000003,6478804.48,435219.44,6478787.84,3204.15,234.45722168443592,1.221,8.996523329366946,ok
349,312,0,435249.2,6478804.48,435219.44,6478787.84,3204.15,237.64589792377032,1.22,9.061485843501815,ok
350,313,0,435246.8,6478802.5600000005,435219.44,6478787.84,3204.15,240.5626238632944,1.22,8.026814455994241,ok
351,314,0,435243.92,6478801.92,435219.44,6478787.84,3204.15,243.48544104339325,1.22,9.037879929338763,ok
352,315,0,435242.56,6478801.28,435219.44,6478787.84,3204.15,244.9830459440672,1.22,8.259949229528816,ok
353,311,0,435252.60000000003,6478804.48,435233.52,6478793.600000001,3219.39,234.45722168443592,1.222,9.147325555846875,ok
354,312,0,435249.2,6478804.48,435233.52,6478793.600000001,3219.39,237.64589792377032,1.221,8.247074500689934,ok
355,313,0,435246.8,6478802.5600000005,435233.52,6478793.600000001,3219.39,240.5626238632944,1.221,8.57282874204136,ok
356,314,0,435243.92,6478801.92,435233.52,6478793.600000001,3219.39,243.48544104339325,1.221,8.37446145567084,ok
357,315,0,435242.56,6478801.28,435233.52,6478793.600000001,3219.39,244.9830459440672,1.221,8.69437104523559,ok
358,311,0,435252.60000000003,6478804.48,435247.64,6478798.72,3234.63,234.45722168443592,1.222,8.786686380973773,ok
359,312,0,435249.2,6478804.48,435247.64,6478798.72,3234.63,237.64589792377032,1.222,8.876298453372037,ok
360,313,0,435246.8,6478802.5600000005,435247.64,6478798.72,3234.63,240.5626238632944,1.222,9.084885233541725,ok
361,314,0,435243.92,6478801.92,435247.64,6478798.72,3234.63,243.48544104339325,1.222,9.063970009322317,ok
362,315,0,435242.56,6478801.28,435247.64,6478798.72,3234.63,244.9830459440672,1.221,8.239425054376717,ok
363,311,0,435252.60000000003,6478804.48,435261.72000000003,6478804.48,3249.87,234.45722168443592,1.222,8.891393438959506,ok
364,312,0,435249.2,6478804.48,435261.72000000003,6478804.48,3249.87,237.64589792377032,1.221,8.274231325104449,ok
365,313,0,435246.8,6478802.5600000005,435261.72000000003,6478804.48,3249.87,240.5626238632944,1.221,8.195350296927762,ok
366,314,0,435243.92,6478801.92,435261.72000000003,6478804.48,3249.87,243.48544104339325,1.221,8.177419450538189,ok
367,315,0,435242.56,6478801.28,435261.72000000003,6478804.48,3249.87,244.9830459440672,1.221,8.20613068073236,ok
368,296,0,435297.2,6478822.4,435275.76,6478809.600000001,3265.03,186.41085376127032,1.217,8.544569766094092,ok
369,297,0,435297.12,6478822.4,435275.76,6478809.600000001,3265.03,186.48599303972247,1.217,8.513524642125894,ok
370,298,0,435296.8,6478822.4,435275.76,6478809.600000001,3265.03,186.78659052516028,1.215,8.047209733241967,ok
371,299,0,435296.72000000003,6478821.76,435275.76,6478809.600000001,3265.03,187.0819157483594,1.218,8.207743209334872,ok
372,300,0,435296.68,6478821.76,435275.76,6478809.600000001,3265.03,187.11945275702715,1.217,8.411145377154726,ok
373,296,0,435297.2,6478822.4,435289.84,6478814.72,3280.27,186.41085376127032,1.217,8.42880474547815,ok
374,297,0,435297.12,6478822.4,435289.84,6478814.72,3280.27,186.48599303972247,1.218,8.864388444343028,ok
375,298,0,435296.8,6478822.4,435289.84,6478814.72,3280.27,186.78659052516028,1.218,8.881793995164434,ok
376,299,0,435296.72000000003,6478821.76,435289.84,6478814.72,3280.27,187.0819157483594,1.218,8.72194828236959,ok
377,300,0,435296.68,6478821.76,435289.84,6478814.72,3280.27,187.11945275702715,1.218,8.447641747785697,ok
378,296,0,435297.2,6478822.4,435303.92,6478820.48,3295.51,186.41085376127032,1.218,8.871070948445764,ok
379,297,0,435297.12,6478822.4,435303.92,6478820.48,3295.51,186.48599303972247,1.218,8.901087055668667,ok
380,298,0,435296.8,6478822.4,435303.92,6478820.48,3295.51,186.78659052516028,1.219,8.621309199229335,ok
381,299,0,435296.72000000003,6478821.76,435303.92,6478820.48,3295.51,187.0819157483594,1.218,8.849156783111699,ok
382,300,0,435296.68,6478821.76,435303.92,6478820.48,3295.51,187.11945275702715,1.218,8.546558269781205,ok
383,296,0,435297.2,6478822.4,435318.0,6478826.24,3310.75,186.41085376127032,1.219,8.52233978776789,ok
384,297,0,435297.12,6478822.4,435318.0,6478826.24,3310.75,186.48599303972247,1.218,8.806034698078335,ok
385,298,0,435296.8,6478822.4,435318.0,6478826.24,3310.75,186.78659052516028,1.219,8.58049193492457,ok
386,299,0,435296.72000000003,6478821.76,435318.0,6478826.24,3310.75,187.0819157483594,1.219,8.356164373286404,ok
387,300,0,435296.68,6478821.76,435318.0,6478826.24,3310.75,187.11945275702715,1.219,8.030984209903226,ok
388,286,0,435353.68,6478843.5200000005,435332.16000000003,6478830.72,3326.06,126.11365667523363,1.22,8.155373929585034,ok
389,287,0,435353.64,6478844.16,435332.16000000003,6478830.72,3326.06,125.93517062370701,1.22,8.151728527632002,ok
390,288,0,435353.84,6478844.8,435332.16000000003,6478830.72,3326.06,125.53323703325364,1.219,8.737521634011655,ok
391,289,0,435353.64,6478844.16,435332.16000000003,6478830.72,3326.06,125.93517062370701,1.22,8.461521230740132,ok
392,290,0,435353.36,6478844.8,435332.16000000003,6478830.72,3326.06,125.98621511918063,1.219,8.369270198398986,ok
393,286,0,435353.68,6478843.5200000005,435346.2,6478836.48,3341.3,126.11365667523363,1.22,8.031146966745172,ok
394,287,0,435353.64,6478844.16,435346.2,6478836.48,3341.3,125.93517062370701,1.221,8.313273365148321,ok
395,288,0,435353.84,6478844.8,435346.2,6478836.48,3341.3,125.53323703325364,1.22,8.840486598446255,ok
396,289,0,435353.64,6478844.16,435346.2,6478836.48,3341.3,125.93517062370701,1.221,8.435962729167734,ok
397,290,0,435353.36,6478844.8,435346.2,6478836.48,3341.3,125.98621511918063,1.22,8.137312682561797,ok
398,286,0,435353.68,6478843.5200000005,435360.28,6478842.24,3356.54,126.11365667523363,1.221,8.352156290632381,ok
399,287,0,435353.64,6478844.16,435360.28,6478842.24,3356.54,125.93517062370701,1.222,8.125075870811592,ok
400,288,0,435353.84,6478844.8,435360.28,6478842.24,3356.54,125.53323703325364,1.221,8.726612025349612,ok
401,289,0,435353.64,6478844.16,435360.28,6478842.24,3356.54,125.93517062370701,1.222,8.597832721826466,ok
402,290,0,435353.36,6478844.8,435360.28,6478842.24,3356.54,125.98621511918063,1.221,8.767367240625484,ok
403,286,0,435353.68,6478843.5200000005,435374.32,6478847.36,3371.78,126.11365667523363,1.223,8.148292023826532,ok
404,287,0,435353.64,6478844.16,435374.32,6478847.36,3371.78,125.93517062370701,1.223,8.970536336929111,ok
405,288,0,435353.84,6478844.8,435374.32,6478847.36,3371.78,125.53323703325364,1.222,8.672863548168415,ok
406,289,0,435353.64,6478844.16,435374.32,6478847.36,3371.78,125.93517062370701,1.223,8.305587314889092,ok
407,290,0,435353.36,6478844.8,435374.32,6478847.36,3371.78,125.98621511918063,1.222,8.287691658884306,ok
408,276,0,435413.36,6478869.76,435388.48,6478853.76,3387.15,61.224635564654655,1.223,9.137402250843522,ok
409,277,0,435411.04000000004,6478869.12,435388.48,6478853.76,3387.15,63.631250184228435,1.223,8.165845209368618,ok
410,278,0,435410.4,6478867.2,435388.48,6478853.76,3387.15,64.79023383201923,1.223,8.565225697100725,ok
411,279,0,435410.36,6478867.84,435388.48,6478853.76,3387.15,64.64178215384032,1.223,8.116174742755772,ok
412,280,0,435411.36,6478868.48,435388.48,6478853.76,3387.15,63.500966921791324,1.223,8.961186485325385,ok
413,276,0,435413.36,6478869.76,435402.48,6478859.5200000005,3402.39,61.224635564654655,1.224,8.931428119794866,ok
414,277,0,435411.04000000004,6478869.12,435402.48,6478859.5200000005,3402.39,63.631250184228435,1.224,9.015910426719858,ok
415,278,0,435410.4,6478867.2,435402.48,6478859.5200000005,3402.39,64.79023383201923,1.224,8.139008655148267,ok
416,279,0,435410.36,6478867.84,435402.48,6478859.5200000005,3402.39,64.64178215384032,1.224,8.916974828735782,ok
417,280,0,435411.36,6478868.48,435402.48,6478859.5200000005,3402.39,63.500966921791324,1.224,8.818108355258818,ok
418,276,0,435413.36,6478869.76,435416.48,6478865.28,3417.63,61.224635564654655,1.226,8.716068097800871,ok
419,277,0,435411.04000000004,6478869.12,435416.48,6478865.28,3417.63,63.631250184228435,1.225,8.966954014839798,ok
420,278,0,435410.4,6478867.2,435416.48,6478865.28,3417.63,64.79023383201923,1.225,9.045822767695539,ok
421,279,0,435410.36,6478867.84,435416.48,6478865.28,3417.63,64.64178215384032,1.225,8.721624831094378,ok
422,280,0,435411.36,6478868.48,435416.48,6478865.28,3417.63,63.500966921791324,1.226,8.888768129169783,ok
423,276,0,435413.36,6478869.76,435430.52,6478870.4,3432.87,61.224635564654655,1.227,8.412660064304736,ok
424,277,0,435411.04000000004,6478869.12,435430.52,6478870.4,3432.87,63.631250184228435,1.226,9.0079249241345,ok
425,278,0,435410.4,6478867.2,435430.52,6478870.4,3432.87,64.79023383201923,1.226,9.117470667008133,ok
426,279,0,435410.36,6478867.84,435430.52,6478870.4,3432.87,64.64178215384032,1.227,8.667774876634757,ok
427,280,0,435411.36,6478868.48,435430.52,6478870.4,3432.87,63.500966921791324,1.227,8.840463079559537,ok
428,266,0,435477.8,6478892.8,435444.36,6478875.5200000005,3447.86,8.451650725888433,1.228,8.624740879428975,ok
429,267,0,435475.12,6478892.16,435444.36,6478875.5200000005,3447.86,6.422086888017004,1.228,8.07146470064284,ok
430,268,0,435472.2,6478891.5200000005,435444.36,6478875.5200000005,3447.86,5.120624961969683,1.227,8.615162786626996,ok
431,269,0,435469.52,6478890.24,435444.36,6478875.5200000005,3447.86,4.7289745187415635,1.227,8.728394604751138,ok
432,270,0,435467.2,6478890.24,435444.36,6478875.5200000005,3447.86,6.3680452258932,1.226,8.502004435058673,ok
433,266,0,435477.8,6478892.8,435458.32,6478881.28,3463.1,8.451650725888433,1.232,8.692677500830065,ok
434,267,0,435475.12,6478892.16,435458.32,6478881.28,3463.1,6.422086888017004,1.232,8.64832074302023,ok
435,268,0,435472.2,6478891.5200000005,435458.32,6478881.28,3463.1,5.120624961969683,1.232,8.333782763150573,ok
436,269,0,435469.52,6478890.24,435458.32,6478881.28,3463.1,4.7289745187415635,1.231,8.869280911027415,ok
437,270,0,435467.2,6478890.24,435458.32,6478881.28,3463.1,6.3680452258932,1.231,8.742163244704653,ok
438,266,0,435477.8,6478892.8,435472.28,6478886.4,3478.34,8.451650725888433,1.232,8.682017292520477,ok
439,267,0,435475.12,6478892.16,435472.28,6478886.4,3478.34,6.422086888017004,1.232,8.774113549904222,ok
440,268,0,435472.2,6478891.5200000005,435472.28,6478886.4,3478.34,5.120624961969683,1.232,8.839928512642969,ok
441,269,0,435469.52,6478890.24,435472.28,6478886.4,3478.34,4.7289745187415635,1.232,8.916162720648698,ok
442,270,0,435467.2,6478890.24,435472.28,6478886.4,3478.34,6.3680452258932,1.232,8.706544623974658,ok
443,266,0,435477.8,6478892.8,435486.32,6478892.16,3493.58,8.451650725888433,1.229,8.641177138860634,ok
444,267,0,435475.12,6478892.16,435486.32,6478892.16,3493.58,6.422086888017004,1.23,8.74506896427216,ok
445,268,0,435472.2,6478891.5200000005,435486.32,6478892.16,3493.58,5.120624961969683,1.229,8.823066483013543,ok
446,269,0,435469.52,6478890.24,435486.32,6478892.16,3493.58,4.7289745187415635,1.229,8.331365640540364,ok
447,270,0,435467.2,6478890.24,435486.32,6478892.16,3493.58,6.3680452258932,1.229,8.018789996050184,ok
448,253,0,435522.2,6478910.72,435500.44,6478898.5600000005,3508.96,55.528990626226665,1.223,8.397328998294798,ok
449,254,0,435522.2,6478910.08,435500.44,6478898.5600000005,3508.96,55.251685946984985,1.223,8.393907143279028,ok
450,255,0,435522.36,6478910.08,435500.44,6478898.5600000005,3508.96,55.396288684186125,1.223,8.00346747345047,ok
451,256,0,435522.2,6478910.72,435500.44,6478898.5600000005,3508.96,55.528990626226665,1.223,8.155724515988634,ok
452,257,0,435522.68,6478910.72,435500.44,6478898.5600000005,3508.96,55.96090063576243,1.223,8.324412456831727,ok
453,258,0,435522.60000000003,6478910.72,435500.44,6478898.5600000005,3508.96,55.88886114396946,1.223,8.556952178318072,ok
454,259,0,435522.44,6478910.08,435500.44,6478898.5600000005,3508.96,55.46862176026475,1.223,8.159778009112065,ok
455,260,0,435522.8,6478910.72,435500.44,6478898.5600000005,3508.96,56.0690003474754,1.054,8.04263603638565,ok
456,253,0,435522.2,6478910.72,435514.44,6478904.32,3524.2000000000003,55.528990626226665,1.224,8.060429947676292,ok
457,254,0,435522.2,6478910.08,435514.44,6478904.32,3524.2000000000003,55.251685946984985,1.225,8.910249281078592,ok
458,255,0,435522.36,6478910.08,435514.44,6478904.32,3524.2000000000003,55.396288684186125,1.225,8.694911855864953,ok
459,256,0,435522.2,6478910.72,435514.44,6478904.32,3524.2000000000003,55.528990626226665,1.224,8.820517880670021,ok
460,257,0,435522.68,6478910.72,435514.44,6478904.32,3524.2000000000003,55.96090063576243,1.225,8.759440851613235,ok
461,258,0,435522.60000000003,6478910.72,435514.44,6478904.32,3524.2000000000003,55.88886114396946,1.224,8.208561598285781,ok
462,259,0,435522.44,6478910.08,435514.44,6478904.32,3524.2000000000003,55.46862176026475,1.225,8.636735953486584,ok
463,260,0,435522.8,6478910.72,435514.44,6478904.32,3524.2000000000003,56.0690003474754,1.225,8.613931645421252,ok
464,253,0,435522.2,6478910.72,435528.48,6478909.44,3539.44,55.528990626226665,1.225,8.119804183664373,ok
465,254,0,435522.2,6478910.08,435528.48,6478909.44,3539.44,55.251685946984985,1.225,8.271507133276474,ok
466,255,0,435522.36,6478910.08,435528.48,6478909.44,3539.44,55.396288684186125,1.225,8.901654493069795,ok
467,256,0,435522.2,6478910.72,435528.48,6478909.44,3539.44,55.528990626226665,1.225,8.996481175354017,ok
468,257,0,435522.68,6478910.72,435528.48,6478909.44,3539.44,55.96090063576243,1.225,9.041269913695153,ok
469,258,0,435522.60000000003,6478910.72,435528.48,6478909.44,3539.44,55.88886114396946,1.225,8.403217086269882,ok
470,259,0,435522.44,6478910.08,435528.48,6478909.44,3539.44,55.46862176026475,1.225,8.679522062954431,ok
471,260,0,435522.8,6478910.72,435528.48,6478909.44,3539.44,56.0690003474754,1.225,8.92998891641625,ok
472,253,0,435522.2,6478910.72,435542.44,6478915.2,3554.6800000000003,55.528990626226665,1.226,8.88614431326269,ok
473,254,0,435522.2,6478910.08,435542.44,6478915.2,3554.6800000000003,55.251685946984985,1.226,8.760140651201535,ok
474,255,0,435522.36,6478910.08,435542.44,6478915.2,3554.6800000000003,55.396288684186125,1.226,8.340907485208312,ok
475,256,0,435522.2,6478910.72,435542.44,6478915.2,3554.6800000000003,55.528990626226665,1.226,8.266363574590809,ok
476,257,0,435522.68,6478910.72,435542.44,6478915.2,3554.6800000000003,55.96090063576243,1.226,8.277175257801765,ok
477,258,0,435522.60000000003,6478910.72,435542.44,6478915.2,3554.6800000000003,55.88886114396946,1.226,8.661232591896608,ok
478,259,0,435522.44,6478910.08,435542.44,6478915.2,3554.6800000000003,55.46862176026475,1.226,8.556378694112345,ok
479,260,0,435522.8,6478910.72,435542.44,6478915.2,3554.6800000000003,56.0690003474754,1.226,8.512725969292214,ok
480,243,0,435585.60000000003,6478936.32,435556.36,6478919.68,3569.87,123.82822295419629,1.225,8.902778062172617,ok
481,244,0,435583.4,6478935.68,435556.36,6478919.68,3569.87,121.55728196999502,1.225,8.975264184399064,ok
482,245,0,435580.88,6478934.4,435556.36,6478919.68,3569.87,118.73483061004022,1.225,8.789755086943176,ok
483,246,0,435579.24,6478933.76,435556.36,6478919.68,3569.87,116.97611380079086,1.225,8.139870688388354,ok
484,247,0,435579.12,6478933.12,435556.36,6478919.68,3569.87,116.60850740820186,1.225,8.14586955693189,ok
485,243,0,435585.60000000003,6478936.32,435570.4,6478925.44,3585.11,123.82822295419629,1.225,8.046077026368955,ok
486,244,0,435583.4,6478935.68,435570.4,6478925.44,3585.11,121.55728196999502,1.225,8.815292590970898,ok
487,245,0,435580.88,6478934.4,435570.4,6478925.44,3585.11,118.73483061004022,1.225,8.523210811813005,ok
488,246,0,435579.24,6478933.76,435570.4,6478925.44,3585.11,116.97611380079086,1.224,8.899032662953703,ok
489,247,0,435579.12,6478933.12,435570.4,6478925.44,3585.11,116.60850740820186,1.224,8.112798661933613,ok
490,243,0,435585.60000000003,6478936.32,435584.44,6478931.2,3600.35,123.82822295419629,1.225,8.244851536109618,ok
491,244,0,435583.4,6478935.68,435584.44,6478931.2,3600.35,121.55728196999502,1.225,8.403853847109445,ok
492,245,0,435580.88,6478934.4,435584.44,6478931.2,3600.35,118.73483061004022,1.225,8.14757203944206,ok
493,246,0,435579.24,6478933.76,435584.44,6478931.2,3600.35,116.97611380079086,1.225,8.552457213528198,ok
494,247,0,435579.12,6478933.12,435584.44,6478931.2,3600.35,116.60850740820186,1.225,8.580237138779447,ok
495,243,0,435585.60000000003,6478936.32,435598.44,6478936.32,3615.59,123.82822295419629,1.225,8.079978730875252,ok
496,244,0,435583.4,6478935.68,435598.44,6478936.32,3615.59,121.55728196999502,1.225,8.697982276594384,ok
497,245,0,435580.88,6478934.4,435598.44,6478936.32,3615.59,118.73483061004022,1.225,8.451884273782378,ok
498,246,0,435579.24,6478933.76,435598.44,6478936.32,3615.59,116.97611380079086,1.225,8.203042668022047,ok
499,247,0,435579.12,6478933.12,435598.44,6478936.32,3615.59,116.60850740820186,1.225,8.173897551540568,ok
500,232,0,435640.2,6478956.16,435612.52,6478941.44,3630.86,181.8339462255696,1.223,8.171227748948429,ok
501,233,0,435637.16000000003,6478956.16,435612.52,6478941.44,3630.86,179.03036613929592,1.224,8.568077232084415,ok
502,234,0,435634.52,6478956.16,435612.52,6478941.44,3630.86,176.6020249033566,1.222,8.726552470685155,ok
503,235,0,435632.96,6478955.5200000005,435612.52,6478941.44,3630.86,174.91608502368558,1.223,8.717097949674613,ok
504,236,0,435633.64,6478956.16,435612.52,6478941.44,3630.86,175.79393391116858,1.223,8.635213111999557,ok
505,232,0,435640.2,6478956.16,435626.64,6478947.2,3646.1,181.8339462255696,1.224,8.756508874610025,ok
506,233,0,435637.16000000003,6478956.16,435626.64,6478947.2,3646.1,179.03036613929592,1.224,8.548424657793209,ok
507,234,0,435634.52,6478956.16,435626.64,6478947.2,3646.1,176.6020249033566,1.224,8.74125860656439,ok
508,235,0,435632.96,6478955.5200000005,435626.64,6478947.2,3646.1,174.91608502368558,1.224,8.037287529337236,ok
509,236,0,435633.64,6478956.16,435626.64,6478947.2,3646.1,175.79393391116858,1.224,8.43660106825054,ok
510,232,0,435640.2,6478956.16,435640.68,6478951.68,3661.34,181.8339462255696,1.224,8.70741089036117,ok
511,233,0,435637.16000000003,6478956.16,435640.68,6478951.68,3661.34,179.03036613929592,1.225,8.183402310018424,ok
512,234,0,435634.52,6478956.16,435640.68,6478951.68,3661.34,176.6020249033566,1.225,8.46519047526229,ok
513,235,0,435632.96,6478955.5200000005,435640.68,6478951.68,3661.34,174.91608502368558,1.224,8.375744052933964,ok
514,236,0,435633.64,6478956.16,435640.68,6478951.68,3661.34,175.79393391116858,1.224,8.178340646059308,ok
515,232,0,435640.2,6478956.16,435654.84,6478957.44,3676.58,181.8339462255696,1.225,8.429784957703141,ok
516,233,0,435637.16000000003,6478956.16,435654.84,6478957.44,3676.58,179.03036613929592,1.226,8.810338231652773,ok
517,234,0,435634.52,6478956.16,435654.84,6478957.44,3676.58,176.6020249033566,1.225,8.455216316293852,ok
518,235,0,435632.96,6478955.5200000005,435654.84,6478957.44,3676.58,174.91608502368558,1.225,8.287845777137594,ok
519,236,0,435633.64,6478956.16,435654.84,6478957.44,3676.58,175.79393391116858,1.225,8.494535617276826,ok
520,221,0,435706.48,6478980.48,435668.92,6478962.5600000005,3691.85,252.3899490867103,1.227,8.386690648720707,ok
521,222,0,435703.8,6478979.2,435668.92,6478962.5600000005,3691.85,249.42604194419454,1.227,8.507648344562416,ok
522,223,0,435700.92,6478979.2,435668.92,6478962.5600000005,3691.85,246.75512071676485,1.227,8.52069374958337,ok
523,224,0,435698.60000000003,6478977.28,435668.92,6478962.5600000005,3691.85,243.8850483321658,1.227,8.543031727070513,ok
524,225,0,435695.88,6478977.28,435668.92,6478962.5600000005,3691.85,241.363075883552,1.227,8.305870070646305,ok
525,221,0,435706.48,6478980.48,435683.04000000004,6478968.32,3707.09,252.3899490867103,1.228,8.692127821302995,ok
526,222,0,435703.8,6478979.2,435683.04000000004,6478968.32,3707.09,249.42604194419454,1.228,8.037748877957483,ok
527,223,0,435700.92,6478979.2,435683.04000000004,6478968.32,3707.09,246.75512071676485,1.228,8.748591887108455,ok
528,224,0,435698.60000000003,6478977.28,435683.04000000004,6478968.32,3707.09,243.8850483321658,1.227,8.153339750782134,ok
529,225,0,435695.88,6478977.28,435683.04000000004,6478968.32,3707.09,241.363075883552,1.228,8.673376610375572,ok
530,221,0,435706.48,6478980.48,435697.04000000004,6478973.44,3722.33,252.3899490867103,1.229,8.052841940767951,ok
531,222,0,435703.8,6478979.2,435697.04000000004,6478973.44,3722.33,249.42604194419454,1.229,8.31424880668529,ok
532,223,0,435700.92,6478979.2,435697.04000000004,6478973.44,3722.33,246.75512071676485,1.229,8.30023988315222,ok
533,224,0,435698.60000000003,6478977.28,435697.04000000004,6478973.44,3722.33,243.8850483321658,1.229,8.435754856631222,ok
534,225,0,435695.88,6478977.28,435697.04000000004,6478973.44,3722.33,241.363075883552,1.229,8.17940344381255,ok
535,221,0,435706.48,6478980.48,435711.04000000004,6478977.92,3737.57,252.3899490867103,1.23,8.343554859776724,ok
536,222,0,435703.8,6478979.2,435711.04000000004,6478977.92,3737.57,249.42604194419454,1.23,8.394841491218376,ok
537,223,0,435700.92,6478979.2,435711.04000000004,6478977.92,3737.57,246.75512071676485,1.23,8.614457864783414,ok
538,224,0,435698.60000000003,6478977.28,435711.04000000004,6478977.92,3737.57,243.8850483321658,1.23,8.705145169489445,ok
539,225,0,435695.88,6478977.28,435711.04000000004,6478977.92,3737.57,241.363075883552,1.23,8.442288390194829,ok
540,211,0,435746.8,6478994.5600000005,435724.8,6478983.04,3752.7400000000002,295.0590042686556,1.233,8.682806737865409,ok
541,212,0,435747.0,6478994.5600000005,435724.8,6478983.04,3752.7400000000002,295.2450914071509,1.232,9.022580760506496,ok
542,213,0,435747.52,6478994.5600000005,435724.8,6478983.04,3752.7400000000002,295.72900297405243,1.232,9.116255686360345,ok
543,214,0,435747.44,6478994.5600000005,435724.8,6478983.04,3752.7400000000002,295.65454706467506,1.233,8.860324802609846,ok
544,215,0,435747.32,6478995.2,435724.8,6478983.04,3752.7400000000002,295.7776894898396,1.233,8.945093178413533,ok
545,211,0,435746.8,6478994.5600000005,435738.56,6478988.8,3767.98,295.0590042686556,1.234,8.772637594837546,ok
546,212,0,435747.0,6478994.5600000005,435738.56,6478988.8,3767.98,295.2450914071509,1.233,8.997728654312892,ok
547,213,0,435747.52,6478994.5600000005,435738.56,6478988.8,3767.98,295.72900297405243,1.233,9.067572503261793,ok
548,214,0,435747.44,6478994.5600000005,435738.56,6478988.8,3767.98,295.65454706467506,1.233,9.02952873833022,ok
549,215,0,435747.32,6478995.2,435738.56,6478988.8,3767.98,295.7776894898396,1.233,8.940837752170724,ok
550,211,0,435746.8,6478994.5600000005,435752.28,6478993.28,3783.2200000000003,295.0590042686556,1.235,9.142578584838699,ok
551,212,0,435747.0,6478994.5600000005,435752.28,6478993.28,3783.2200000000003,295.2450914071509,1.235,8.579856971778778,ok
552,213,0,435747.52,6478994.5600000005,435752.28,6478993.28,3783.2200000000003,295.72900297405243,1.235,8.68704017500787,ok
553,214,0,435747.44,6478994.5600000005,435752.28,6478993.28,3783.2200000000003,295.65454706467506,1.235,8.535912020501252,ok
554,215,0,435747.32,6478995.2,435752.28,6478993.28,3783.2200000000003,295.7776894898396,1.235,8.456825296034776,ok
555,211,0,435746.8,6478994.5600000005,435765.76,6478999.04,3798.46,295.0590042686556,1.237,8.765852993854379,ok
556,212,0,435747.0,6478994.5600000005,435765.76,6478999.04,3798.46,295.2450914071509,1.237,8.995018720876203,ok
557,213,0,435747.52,6478994.5600000005,435765.76,6478999.04,3798.46,295.72900297405243,1.236,9.106750564142093,ok
558,214,0,435747.44,6478994.5600000005,435765.76,6478999.04,3798.46,295.65454706467506,1.237,8.929818329356948,ok
559,215,0,435747.32,6478995.2,435765.76,6478999.04,3798.46,295.7776894898396,1.237,8.954287397663878,ok
560,200,0,435799.28,6479015.68,435779.24,6479004.16,3813.75,351.62809671558756,1.239,8.310425386294224,ok
561,201,0,435799.48,6479014.4,435779.24,6479004.16,3813.75,351.3457556310728,1.239,8.838414094104548,ok
562,202,0,435799.36,6479015.68,435779.24,6479004.16,3813.75,351.70249473070163,1.239,8.649549135717683,ok
563,203,0,435798.8,6479015.68,435779.24,6479004.16,3813.75,351.18176034612156,1.239,8.980907827957973,ok
564,204,0,435799.4,6479014.4,435779.24,6479004.16,3813.75,351.27125473058135,1.239,8.836383669441448,ok
565,205,0,435799.48,6479015.68,435779.24,6479004.16,3813.75,351.8140963631164,1.238,9.094482464255952,ok
566,200,0,435799.28,6479015.68,435792.60000000003,6479009.28,3828.9900000000002,351.62809671558756,1.24,8.504148063348575,ok
567,201,0,435799.48,6479014.4,435792.60000000003,6479009.28,3828.9900000000002,351.3457556310728,1.239,8.681846586359487,ok
568,202,0,435799.36,6479015.68,435792.60000000003,6479009.28,3828.9900000000002,351.70249473070163,1.24,8.708546185633711,ok
569,203,0,435798.8,6479015.68,435792.60000000003,6479009.28,3828.9900000000002,351.18176034612156,1.239,8.749250161737708,ok
570,204,0,435799.4,6479014.4,435792.60000000003,6479009.28,3828.9900000000002,351.27125473058135,1.239,8.73185551457589,ok
571,205,0,435799.48,6479015.68,435792.60000000003,6479009.28,3828.9900000000002,351.8140963631164,1.239,8.977182937274772,ok
572,200,0,435799.28,6479015.68,435805.72000000003,6479013.76,3844.23,351.62809671558756,1.242,8.563515574509161,ok
573,201,0,435799.48,6479014.4,435805.72000000003,6479013.76,3844.23,351.3457556310728,1.241,8.957150380110884,ok
574,202,0,435799.36,6479015.68,435805.72000000003,6479013.76,3844.23,351.70249473070163,1.241,8.795508359569537,ok
575,203,0,435798.8,6479015.68,435805.72000000003,6479013.76,3844.23,351.18176034612156,1.241,8.99452013655176,ok
576,204,0,435799.4,6479014.4,435805.72000000003,6479013.76,3844.23,351.27125473058135,1.241,8.956418477554497,ok
577,205,0,435799.48,6479015.68,435805.72000000003,6479013.76,3844.23,351.8140963631164,1.241,8.047547508565865,ok
578,200,0,435799.28,6479015.68,435818.84,6479018.88,3859.4700000000003,351.62809671558756,1.243,9.036173333747623,ok
579,201,0,435799.48,6479014.4,435818.84,6479018.88,3859.4700000000003,351.3457556310728,1.243,8.113665891894618,ok
580,202,0,435799.36,6479015.68,435818.84,6479018.88,3859.4700000000003,351.70249473070163,1.243,9.07474354032406,ok
581,203,0,435798.8,6479015.68,435818.84,6479018.88,3859.4700000000003,351.18176034612156,1.243,8.258638949206976,ok
582,204,0,435799.4,6479014.4,435818.84,6479018.88,3859.4700000000003,351.27125473058135,1.243,8.212708524130933,ok
583,205,0,435799.48,6479015.68,435818.84,6479018.88,3859.4700000000003,351.8140963631164,1.243,8.466998179102225,ok
584,190,0,435851.48,6479038.08,435831.64,6479024.0,3874.67,408.4108989729269,1.244,8.32488014575025,ok
585,191,0,435851.60000000003,6479038.08,435831.64,6479024.0,3874.67,408.5223186068478,1.244,8.351671678159214,ok
586,192,0,435851.44,6479038.08,435831.64,6479024.0,3874.67,408.3737601755164,1.244,8.525350663562895,ok
587,193,0,435851.52,6479037.44,435831.64,6479024.0,3874.67,408.2108024048411,1.244,8.326772656817655,ok
588,194,0,435851.60000000003,6479038.08,435831.64,6479024.0,3874.67,408.5223186068478,1.245,9.059702406292816,ok
589,190,0,435851.48,6479038.08,435844.36,6479028.48,3889.91,408.4108989729269,1.246,8.154373492239353,ok
590,191,0,435851.60000000003,6479038.08,435844.36,6479028.48,3889.91,408.5223186068478,1.246,8.383938825309116,ok
591,192,0,435851.44,6479038.08,435844.36,6479028.48,3889.91,408.3737601755164,1.246,8.382112339562974,ok
592,193,0,435851.52,6479037.44,435844.36,6479028.48,3889.91,408.2108024048411,1.247,8.168904210150359,ok
593,194,0,435851.60000000003,6479038.08,435844.36,6479028.48,3889.91,408.5223186068478,1.247,9.023887175568722,ok
594,190,0,435851.48,6479038.08,435857.0,6479033.600000001,3905.15,408.4108989729269,1.248,8.403961329993429,ok
595,191,0,435851.60000000003,6479038.08,435857.0,6479033.600000001,3905.15,408.5223186068478,1.248,8.610343958097157,ok
596,192,0,435851.44,6479038.08,435857.0,6479033.600000001,3905.15,408.3737601755164,1.248,8.620670798067747,ok
597,193,0,435851.52,6479037.44,435857.0,6479033.600000001,3905.15,408.2108024048411,1.248,8.39178156285117,ok
598,194,0,435851.60000000003,6479038.08,435857.0,6479033.600000001,3905.15,408.5223186068478,1.249,8.126249828771128,ok
599,190,0,435851.48,6479038.08,435869.24,6479038.72,3920.39,408.4108989729269,1.25,8.350986334006747,ok
600,191,0,435851.60000000003,6479038.08,435869.24,6479038.72,3920.39,408.5223186068478,1.25,8.606440121207731,ok
601,192,0,435851.44,6479038.08,435869.24,6479038.72,3920.39,408.3737601755164,1.25,8.57743395918014,ok
602,193,0,435851.52,6479037.44,435869.24,6479038.72,3920.39,408.2108024048411,1.25,8.38971323645565,ok
603,194,0,435851.60000000003,6479038.08,435869.24,6479038.72,3920.39,408.5223186068478,1.2510000000000001,8.102029038809107,ok
604,180,0,435906.68,6479061.76,435881.52,6479043.2,3935.6800000000003,468.45969901343767,0.484,8.080135395647982,ok
605,181,0,435904.28,6479059.2,435881.52,6479043.2,3935.6800000000003,465.278239336352,1.252,8.284514919082058,ok
606,182,0,435901.64,6479057.92,435881.52,6479043.2,3935.6800000000003,462.3517275839192,1.2530000000000001,8.897025107929629,ok
607,183,0,435900.16000000003,6479057.28,435881.52,6479043.2,3935.6800000000003,460.739914485348,1.252,8.060025076565442,ok
608,184,0,435900.2,6479056.0,435881.52,6479043.2,3935.6800000000003,460.3039065659336,1.252,8.046191953855109,ok
609,180,0,435906.68,6479061.76,435893.44,6479047.68,3950.92,468.45969901343767,0.47100000000000003,8.203760371347729,ok
610,181,0,435904.28,6479059.2,435893.44,6479047.68,3950.92,465.278239336352,1.254,8.160497335201448,ok
611,182,0,435901.64,6479057.92,435893.44,6479047.68,3950.92,462.3517275839192,1.254,8.818547040776522,ok
612,183,0,435900.16000000003,6479057.28,435893.44,6479047.68,3950.92,460.739914485348,1.254,8.187357147752621,ok
613,184,0,435900.2,6479056.0,435893.44,6479047.68,3950.92,460.3039065659336,1.254,8.23003580018531,ok
614,180,0,435906.68,6479061.76,435905.08,6479051.5200000005,3966.1600000000003,468.45969901343767,1.256,8.138117902717902,ok
615,181,0,435904.28,6479059.2,435905.08,6479051.5200000005,3966.1600000000003,465.278239336352,1.256,8.451376631849973,ok
616,182,0,435901.64,6479057.92,435905.08,6479051.5200000005,3966.1600000000003,462.3517275839192,1.256,8.885784105763983,ok
617,183,0,435900.16000000003,6479057.28,435905.08,6479051.5200000005,3966.1600000000003,460.739914485348,1.256,8.394970730704705,ok
618,184,0,435900.2,6479056.0,435905.08,6479051.5200000005,3966.1600000000003,460.3039065659336,1.256,8.238692176457457,ok
619,180,0,435906.68,6479061.76,435916.68,6479056.0,3981.4,468.45969901343767,0.446,8.038450764227662,ok
620,181,0,435904.28,6479059.2,435916.68,6479056.0,3981.4,465.278239336352,1.258,8.464504705128286,ok
621,182,0,435901.64,6479057.92,435916.68,6479056.0,3981.4,462.3517275839192,1.258,8.060160012600901,ok
622,183,0,435900.16000000003,6479057.28,435916.68,6479056.0,3981.4,460.739914485348,1.258,8.405824123965186,ok
623,184,0,435900.2,6479056.0,435916.68,6479056.0,3981.4,460.3039065659336,1.258,8.29396222110073,ok
624,169,0,435945.64,6479075.2,435927.64,6479059.84,3996.64,509.6225363932765,1.2610000000000001,8.980886445225424,ok
625,170,0,435945.76,6479075.2,435927.64,6479059.84,3996.64,509.73399965071195,1.262,8.866411527957403,ok
626,171,0,435945.76,6479075.2,435927.64,6479059.84,3996.64,509.73399965071195,1.2610000000000001,8.946484069258672,ok
627,172,0,435946.04000000004,6479075.2,435927.64,6479059.84,3996.64,509.99409565203644,1.262,8.922849928728498,ok
628,173,0,435946.60000000003,6479075.2,435927.64,6479059.84,3996.64,510.5143508266308,1.2610000000000001,8.36590838081132,ok
629,174,0,435946.48,6479076.48,435927.64,6479059.84,3996.64,510.87772157335667,1.262,8.872719109866933,ok
630,169,0,435945.64,6479075.2,435938.56,6479064.32,4011.88,509.6225363932765,1.264,8.195981022265713,ok
631,170,0,435945.76,6479075.2,435938.56,6479064.32,4011.88,509.73399965071195,1.264,8.121563497491504,ok
632,171,0,435945.76,6479075.2,435938.56,6479064.32,4011.88,509.73399965071195,1.264,8.192065093932623,ok
633,172,0,435946.04000000004,6479075.2,435938.56,6479064.32,4011.88,509.99409565203644,1.264,8.158976099787838,ok
634,173,0,435946.60000000003,6479075.2,435938.56,6479064.32,4011.88,510.5143508266308,1.264,8.67587460765117,ok
635,174,0,435946.48,6479076.48,435938.56,6479064.32,4011.88,510.87772157335667,1.264,8.060180171267966,ok
636,169,0,435945.64,6479075.2,435949.36,6479068.8,4027.12,509.6225363932765,1.2670000000000001,8.606283922408824,ok
637,170,0,435945.76,6479075.2,435949.36,6479068.8,4027.12,509.73399965071195,1.2670000000000001,8.54659160326962,ok
638,171,0,435945.76,6479075.2,435949.36,6479068.8,4027.12,509.73399965071195,1.2670000000000001,8.531197771587209,ok
639,172,0,435946.04000000004,6479075.2,435949.36,6479068.8,4027.12,509.99409565203644,1.2670000000000001,8.470269428732333,ok
640,173,0,435946.60000000003,6479075.2,435949.36,6479068.8,4027.12,510.5143508266308,1.266,8.922812199424579,ok
641,174,0,435946.48,6479076.48,435949.36,6479068.8,4027.12,510.87772157335667,1.2670000000000001,8.477500003764355,ok
642,169,0,435945.64,6479075.2,435959.64,6479072.0,4042.36,509.6225363932765,1.27,8.482140680151629,ok
643,170,0,435945.76,6479075.2,435959.64,6479072.0,4042.36,509.73399965071195,1.27,8.438228341956025,ok
644,171,0,435945.76,6479075.2,435959.64,6479072.0,4042.36,509.73399965071195,1.27,8.484008316839832,ok
645,172,0,435946.04000000004,6479075.2,435959.64,6479072.0,4042.36,509.99409565203644,1.27,8.229141235486232,ok
646,173,0,435946.60000000003,6479075.2,435959.64,6479072.0,4042.36,510.5143508266308,1.2690000000000001,8.916364222193932,ok
647,174,0,435946.48,6479076.48,435959.64,6479072.0,4042.36,510.87772157335667,1.27,8.357396989928553,ok
648,159,0,435986.36,6479086.08,435969.84,6479076.48,4057.4700000000003,551.4982763344215,1.274,8.728983067801487,ok
649,160,0,435985.56,6479086.08,435969.84,6479076.48,4057.4700000000003,550.7526312237192,1.274,8.980248123630243,ok
650,161,0,435986.24,6479088.640000001,435969.84,6479076.48,4057.4700000000003,552.318657298531,1.2730000000000001,8.064589496960823,ok
651,162,0,435985.2,6479085.44,435969.84,6479076.48,4057.4700000000003,550.185285154009,1.274,8.948570749807704,ok
652,163,0,435986.36,6479087.36,435969.84,6479076.48,4057.4700000000003,551.9630132535531,1.274,8.924297180152175,ok
653,159,0,435986.36,6479086.08,435979.8,6479079.68,4072.71,551.4982763344215,1.2770000000000001,8.633169643663098,ok
654,160,0,435985.56,6479086.08,435979.8,6479079.68,4072.71,550.7526312237192,1.2770000000000001,8.887281722269433,ok
655,161,0,435986.24,6479088.640000001,435979.8,6479079.68,4072.71,552.318657298531,1.276,9.014090328743023,ok
656,162,0,435985.2,6479085.44,435979.8,6479079.68,4072.71,550.185285154009,1.2770000000000001,8.841487392418177,ok
657,163,0,435986.36,6479087.36,435979.8,6479079.68,4072.71,551.9630132535531,1.2770000000000001,8.812781086881863,ok
658,159,0,435986.36,6479086.08,435989.52,6479083.5200000005,4087.9500000000003,551.4982763344215,1.28,8.272921040463698,ok
659,160,0,435985.56,6479086.08,435989.52,6479083.5200000005,4087.9500000000003,550.7526312237192,1.28,8.6504430934686,ok
660,161,0,435986.24,6479088.640000001,435989.52,6479083.5200000005,4087.9500000000003,552.318657298531,1.2790000000000001,8.799363929223931,ok
661,162,0,435985.2,6479085.44,435989.52,6479083.5200000005,4087.9500000000003,550.185285154009,1.28,8.656412386093855,ok
662,163,0,435986.36,6479087.36,435989.52,6479083.5200000005,4087.9500000000003,551.9630132535531,1.28,8.657944507063496,ok
663,159,0,435986.36,6479086.08,435999.2,6479087.36,4103.1900000000005,551.4982763344215,1.284,8.934027705157861,ok
664,160,0,435985.56,6479086.08,435999.2,6479087.36,4103.1900000000005,550.7526312237192,1.283,8.242662243569105,ok
665,161,0,435986.24,6479088.640000001,435999.2,6479087.36,4103.1900000000005,552.318657298531,1.283,8.402002948839295,ok
666,162,0,435985.2,6479085.44,435999.2,6479087.36,4103.1900000000005,550.185285154009,1.283,8.223027569223232,ok
667,163,0,435986.36,6479087.36,435999.2,6479087.36,4103.1900000000005,551.9630132535531,1.283,8.282065536943326,ok
668,145,0,436022.64,6479097.600000001,436008.36,6479089.28,4118.54,589.4926374434742,1.287,8.206587401670188,ok
669,146,0,436021.92,6479093.76,436008.36,6479089.28,4118.54,587.4540826308931,1.287,8.856070908016825,ok
670,147,0,436023.0,6479098.24,436008.36,6479089.28,4118.54,590.0582208561339,1.286,8.799579221756302,ok
671,148,0,436023.52,6479096.32,436008.36,6479089.28,4118.54,589.8575624673795,1.287,8.72449733356869,ok
672,149,0,436023.60000000003,6479097.600000001,436008.36,6479089.28,4118.54,590.3890093828699,1.286,8.848223653841591,ok
673,150,0,436023.0,6479096.32,436008.36,6479089.28,4118.54,589.3716355576827,1.287,8.639886646703317,ok
674,145,0,436022.64,6479097.600000001,436017.44,6479093.76,4133.78,589.4926374434742,1.291,8.591746327883188,ok
675,146,0,436021.92,6479093.76,436017.44,6479093.76,4133.78,587.4540826308931,1.29,8.311584844524496,ok
676,147,0,436023.0,6479098.24,436017.44,6479093.76,4133.78,590.0582208561339,1.29,8.229946449205512,ok
677,148,0,436023.52,6479096.32,436017.44,6479093.76,4133.78,589.8575624673795,1.29,8.099399375699521,ok
678,149,0,436023.60000000003,6479097.600000001,436017.44,6479093.76,4133.78,590.3890093828699,1.29,8.186229507733557,ok
679,150,0,436023.0,6479096.32,436017.44,6479093.76,4133.78,589.3716355576827,1.29,8.918819785465463,ok
680,145,0,436022.64,6479097.600000001,436026.32,6479096.32,4149.02,589.4926374434742,1.294,8.764103773778142,ok
681,146,0,436021.92,6479093.76,436026.32,6479096.32,4149.02,587.4540826308931,1.293,8.443927896391346,ok
682,147,0,436023.0,6479098.24,436026.32,6479096.32,4149.02,590.0582208561339,1.293,8.310073719614197,ok
683,148,0,436023.52,6479096.32,436026.32,6479096.32,4149.02,589.8575624673795,1.293,8.231494883587521,ok
684,149,0,436023.60000000003,6479097.600000001,436026.32,6479096.32,4149.02,590.3890093828699,1.293,8.293397344988128,ok
685,150,0,436023.0,6479096.32,436026.32,6479096.32,4149.02,589.3716355576827,1.293,8.133836118989201,ok
686,145,0,436022.64,6479097.600000001,436034.64,6479099.5200000005,4164.26,589.4926374434742,1.297,8.515904079594911,ok
687,146,0,436021.92,6479093.76,436034.64,6479099.5200000005,4164.26,587.4540826308931,1.297,8.328973148386343,ok
688,147,0,436023.0,6479098.24,436034.64,6479099.5200000005,4164.26,590.0582208561339,1.297,8.250041341989393,ok
689,148,0,436023.52,6479096.32,436034.64,6479099.5200000005,4164.26,589.8575624673795,1.297,8.185581521559117,ok
690,149,0,436023.60000000003,6479097.600000001,436034.64,6479099.5200000005,4164.26,590.3890093828699,1.297,8.541163390292606,ok
691,150,0,436023.0,6479096.32,436034.64,6479099.5200000005,4164.26,589.3716355576827,1.297,8.862834398063006,ok
692,132,0,436056.52,6479112.32,436042.88,6479102.72,4179.5,626.3994125156532,1.303,8.58687199103021,ok
693,133,0,436056.12,6479109.76,436042.88,6479102.72,4179.5,625.1070589904546,0.113,8.77451504569175,ok
694,134,0,436055.92,6479109.12,436042.88,6479102.72,4179.5,624.6918024112629,,,no_trigger
695,135,0,436055.32,6479109.12,436042.88,6479102.72,4179.5,624.1312682439965,1.302,8.68559729842463,ok
696,136,0,436056.12,6479110.4,436042.88,6479102.72,4179.5,625.3360261491113,1.303,8.544138909179749,ok
697,137,0,436055.44,6479110.4,436042.88,6479102.72,4179.5,624.7011970534154,1.302,8.592431347060003,ok
698,138,0,436055.2,6479109.12,436042.88,6479102.72,4179.5,624.0191702182433,1.302,8.016547418185116,ok
699,139,0,436055.36,6479109.12,436042.88,6479102.72,4179.5,624.1686349055318,1.303,8.52054092318068,ok
700,132,0,436056.52,6479112.32,436050.56,6479105.28,4194.74,626.3994125156532,1.307,8.69228343217061,ok
701,133,0,436056.12,6479109.76,436050.56,6479105.28,4194.74,625.1070589904546,0.111,8.544712977903828,ok
702,134,0,436055.92,6479109.12,436050.56,6479105.28,4194.74,624.6918024112629,,,no_trigger
703,135,0,436055.32,6479109.12,436050.56,6479105.28,4194.74,624.1312682439965,1.307,8.02766475777223,ok
704,136,0,436056.12,6479110.4,436050.56,6479105.28,4194.74,625.3360261491113,1.307,8.004059556424764,ok
705,137,0,436055.44,6479110.4,436050.56,6479105.28,4194.74,624.7011970534154,1.307,8.757873054932382,ok
706,138,0,436055.2,6479109.12,436050.56,6479105.28,4194.74,624.0191702182433,1.307,8.20216559440967,ok
707,139,0,436055.36,6479109.12,436050.56,6479105.28,4194.74,624.1686349055318,1.307,8.707300463799745,ok
708,132,0,436056.52,6479112.32,436057.96,6479107.2,4209.9800000000005,626.3994125156532,1.312,8.491435481596127,ok
709,133,0,436056.12,6479109.76,436057.96,6479107.2,4209.9800000000005,625.1070589904546,0.109,8.930150640634267,ok
710,134,0,436055.92,6479109.12,436057.96,6479107.2,4209.9800000000005,624.6918024112629,,,no_trigger
711,135,0,436055.32,6479109.12,436057.96,6479107.2,4209.9800000000005,624.1312682439965,1.312,8.573916470523814,ok
712,136,0,436056.12,6479110.4,436057.96,6479107.2,4209.9800000000005,625.3360261491113,1.312,8.665145661900624,ok
713,137,0,436055.44,6479110.4,436057.96,6479107.2,4209.9800000000005,624.7011970534154,1.312,8.608957218361613,ok
714,138,0,436055.2,6479109.12,436057.96,6479107.2,4209.9800000000005,624.0191702182433,1.311,8.038235013113804,ok
715,139,0,436055.36,6479109.12,436057.96,6479107.2,4209.9800000000005,624.1686349055318,1.312,8.533605408627428,ok
716,132,0,436056.52,6479112.32,436065.36,6479110.4,4225.22,626.3994125156532,1.318,8.69181851104208,ok
717,133,0,436056.12,6479109.76,436065.36,6479110.4,4225.22,625.1070589904546,0.10200000000000001,8.507195479392951,ok
718,134,0,436055.92,6479109.12,436065.36,6479110.4,4225.22,624.6918024112629,,,no_trigger
719,135,0,436055.32,6479109.12,436065.36,6479110.4,4225.22,624.1312682439965,1.318,8.083322922892807,ok
720,136,0,436056.12,6479110.4,436065.36,6479110.4,4225.22,625.3360261491113,1.318,8.106058277449895,ok
721,137,0,436055.44,6479110.4,436065.36,6479110.4,4225.22,624.7011970534154,1.318,8.682467234184944,ok
722,138,0,436055.2,6479109.12,436065.36,6479110.4,4225.22,624.0191702182433,1.317,8.314181760601937,ok
723,139,0,436055.36,6479109.12,436065.36,6479110.4,4225.22,624.1686349055318,1.318,8.031161931714532,ok
724,121,0,436081.96,6479120.0,436071.88,6479112.96,4240.5,652.9001932913004,1.323,8.419214050994468,ok
725,122,0,436081.92,6479118.72,436071.88,6479112.96,4240.5,652.4059411130862,1.323,8.49579623218254,ok
726,123,0,436081.8,6479118.72,436071.88,6479112.96,4240.5,652.2938086473438,1.323,8.4088569799913,ok
727,124,0,436081.12,6479120.0,436071.88,6479112.96,4240.5,652.1158682318552,1.324,8.414667147835637,ok
728,125,0,436081.56,6479119.36,436071.88,6479112.96,4240.5,652.2978460794928,1.323,8.462412255419721,ok
729,121,0,436081.96,6479120.0,436078.36,6479114.24,4255.74,652.9001932913004,1.328,8.52478272385558,ok
730,122,0,436081.92,6479118.72,436078.36,6479114.24,4255.74,652.4059411130862,1.328,8.467333735013979,ok
731,123,0,436081.8,6479118.72,436078.36,6479114.24,4255.74,652.2938086473438,1.328,8.507609668855743,ok
732,124,0,436081.12,6479120.0,436078.36,6479114.24,4255.74,652.1158682318552,1.328,8.517771325847335,ok
733,125,0,436081.56,6479119.36,436078.36,6479114.24,4255.74,652.2978460794928,1.328,8.617383542228122,ok
734,121,0,436081.96,6479120.0,436084.52,6479118.08,4270.9800000000005,652.9001932913004,1.332,8.517825088633272,ok
735,122,0,436081.92,6479118.72,436084.52,6479118.08,4270.9800000000005,652.4059411130862,1.332,8.52982297597356,ok
736,123,0,436081.8,6479118.72,436084.52,6479118.08,4270.9800000000005,652.2938086473438,1.332,8.642372629787802,ok
737,124,0,436081.12,6479120.0,436084.52,6479118.08,4270.9800000000005,652.1158682318552,1.332,8.542353855548365,ok
738,125,0,436081.56,6479119.36,436084.52,6479118.08,4270.9800000000005,652.2978460794928,1.332,8.601467291582827,ok
739,121,0,436081.96,6479120.0,436090.12,6479119.36,4286.22,652.9001932913004,1.336,8.33753083817666,ok
740,122,0,436081.92,6479118.72,436090.12,6479119.36,4286.22,652.4059411130862,1.336,8.409028735982426,ok
741,123,0,436081.8,6479118.72,436090.12,6479119.36,4286.22,652.2938086473438,1.336,8.38376380542355,ok
742,124,0,436081.12,6479120.0,436090.12,6479119.36,4286.22,652.1158682318552,1.336,8.38596746440639,ok
743,125,0,436081.56,6479119.36,436090.12,6479119.36,4286.22,652.2978460794928,1.336,8.405391049441903,ok
744,107,0,436103.08,6479128.32,436095.72000000003,6479121.28,4301.49,675.5989390162993,1.34,8.687353349740773,ok
745,108,0,436103.4,6479128.32,436095.72000000003,6479121.28,4301.49,675.8977295419463,1.341,8.538209922675728,ok
746,109,0,436103.2,6479129.600000001,436095.72000000003,6479121.28,4301.49,676.1703087241187,1.341,8.014087162330611,ok
747,110,0,436103.4,6479128.32,436095.72000000003,6479121.28,4301.49,675.8977295419463,1.516,8.455524361376016,ok
748,111,0,436103.08,6479129.600000001,436095.72000000003,6479121.28,4301.49,676.0583406778411,1.341,8.51549373391109,ok
749,112,0,436103.16000000003,6479128.32,436095.72000000003,6479121.28,4301.49,675.6736348267334,1.341,8.639938650179658,ok
750,113,0,436102.68,6479129.600000001,436095.72000000003,6479121.28,4301.49,675.6851337716752,1.341,8.260550974652137,ok
751,107,0,436103.08,6479128.32,436100.56,6479123.2,4316.7300000000005,675.5989390162993,1.345,8.27149445848233,ok
752,108,0,436103.4,6479128.32,436100.56,6479123.2,4316.7300000000005,675.8977295419463,1.345,8.703788056086973,ok
753,109,0,436103.2,6479129.600000001,436100.56,6479123.2,4316.7300000000005,676.1703087241187,1.345,8.198538223608507,ok
754,110,0,436103.4,6479128.32,436100.56,6479123.2,4316.7300000000005,675.8977295419463,1.5210000000000001,8.044954077038522,ok
755,111,0,436103.08,6479129.600000001,436100.56,6479123.2,4316.7300000000005,676.0583406778411,1.345,8.695871103817861,ok
756,112,0,436103.16000000003,6479128.32,436100.56,6479123.2,4316.7300000000005,675.6736348267334,1.345,8.148024528047493,ok
757,113,0,436102.68,6479129.600000001,436100.56,6479123.2,4316.7300000000005,675.6851337716752,1.345,8.591808217369302,ok
758,107,0,436103.08,6479128.32,436105.12,6479124.48,4331.97,675.5989390162993,1.349,8.09643429356978,ok
759,108,0,436103.4,6479128.32,436105.12,6479124.48,4331.97,675.8977295419463,1.349,8.45141232256466,ok
760,109,0,436103.2,6479129.600000001,436105.12,6479124.48,4331.97,676.1703087241187,1.349,8.596489934116965,ok
761,110,0,436103.4,6479128.32,436105.12,6479124.48,4331.97,675.8977295419463,1.5250000000000001,8.497748151054262,ok
762,111,0,436103.08,6479129.600000001,436105.12,6479124.48,4331.97,676.0583406778411,1.349,8.526172170778613,ok
763,112,0,436103.16000000003,6479128.32,436105.12,6479124.48,4331.97,675.6736348267334,1.349,8.658440060233298,ok
764,113,0,436102.68,6479129.600000001,436105.12,6479124.48,4331.97,675.6851337716752,1.349,8.29488132344082,ok
765,107,0,436103.08,6479128.32,436109.64,6479126.4,4347.21,675.5989390162993,1.354,8.486287686320885,ok
766,108,0,436103.4,6479128.32,436109.64,6479126.4,4347.21,675.8977295419463,1.354,8.19001897953174,ok
767,109,0,436103.2,6479129.600000001,436109.64,6479126.4,4347.21,676.1703087241187,1.354,8.265084671467546,ok
768,110,0,436103.4,6479128.32,436109.64,6479126.4,4347.21,675.8977295419463,1.53,8.156790955819151,ok
769,111,0,436103.08,6479129.600000001,436109.64,6479126.4,4347.21,676.0583406778411,1.354,8.201135846931754,ok
770,112,0,436103.16000000003,6479128.32,436109.64,6479126.4,4347.21,675.6736348267334,1.354,8.289064830593786,ok
771,113,0,436102.68,6479129.600000001,436109.64,6479126.4,4347.21,675.6851337716752,1.354,8.108265871601997,ok
772,93,0,436120.60000000003,6479133.44,436113.36,6479127.04,4362.37,693.7921763756258,1.358,8.725540010528405,ok
773,94,0,436121.2,6479132.8,436113.36,6479127.04,4362.37,694.1254399600288,1.358,8.507304971885711,ok
774,95,0,436120.8,6479132.8,436113.36,6479127.04,4362.37,693.7515047909253,1.358,8.647629505063476,ok
775,96,0,436121.4,6479132.8,436113.36,6479127.04,4362.37,694.3124184397961,1.357,8.132877076314946,ok
776,97,0,436121.64,6479133.44,436113.36,6479127.04,4362.37,694.764111911374,,,no_trigger
777,98,0,436121.60000000003,6479132.8,436113.36,6479127.04,4362.37,694.4994041752186,1.358,8.500114146330418,ok
778,99,0,436121.12,6479133.44,436113.36,6479127.04,4362.37,694.2781194881314,1.358,8.111503311549402,ok
779,93,0,436120.60000000003,6479133.44,436117.12,6479128.32,4377.61,693.7921763756258,1.361,8.070828166359025,ok
780,94,0,436121.2,6479132.8,436117.12,6479128.32,4377.61,694.1254399600288,1.362,8.473296650287509,ok
781,95,0,436120.8,6479132.8,436117.12,6479128.32,4377.61,693.7515047909253,1.362,8.650415332071667,ok
782,96,0,436121.4,6479132.8,436117.12,6479128.32,4377.61,694.3124184397961,1.361,8.26865719298729,ok
783,97,0,436121.64,6479133.44,436117.12,6479128.32,4377.61,694.764111911374,,,no_trigger
784,98,0,436121.60000000003,6479132.8,436117.12,6479128.32,4377.61,694.4994041752186,1.362,8.522869592725442,ok
785,99,0,436121.12,6479133.44,436117.12,6479128.32,4377.61,694.2781194881314,1.067,8.412421257428601,ok
786,93,0,436120.60000000003,6479133.44,436120.76,6479129.600000001,4392.85,693.7921763756258,1.366,8.13174085556915,ok
787,94,0,436121.2,6479132.8,436120.76,6479129.600000001,4392.85,694.1254399600288,1.366,8.688495238993072,ok
788,95,0,436120.8,6479132.8,436120.76,6479129.600000001,4392.85,693.7515047909253,1.366,8.705989279121683,ok
789,96,0,436121.4,6479132.8,436120.76,6479129.600000001,4392.85,694.3124184397961,1.365,8.390959847754125,ok
790,97,0,436121.64,6479133.44,436120.76,6479129.600000001,4392.85,694.764111911374,,,no_trigger
791,98,0,436121.60000000003,6479132.8,436120.76,6479129.600000001,4392.85,694.4994041752186,1.366,8.587429743254456,ok
792,99,0,436121.12,6479133.44,436120.76,6479129.600000001,4392.85,694.2781194881314,1.066,8.29837040563293,ok
793,93,0,436120.60000000003,6479133.44,436124.2,6479130.88,4408.09,693.7921763756258,1.369,8.436575146393682,ok
794,94,0,436121.2,6479132.8,436124.2,6479130.88,4408.09,694.1254399600288,1.369,8.266491170329637,ok
795,95,0,436120.8,6479132.8,436124.2,6479130.88,4408.09,693.7515047909253,1.369,8.24101986853106,ok
796,96,0,436121.4,6479132.8,436124.2,6479130.88,4408.09,694.3124184397961,1.369,8.631184437371362,ok
797,97,0,436121.64,6479133.44,436124.2,6479130.88,4408.09,694.764111911374,,,no_trigger
798,98,0,436121.60000000003,6479132.8,436124.2,6479130.88,4408.09,694.4994041752186,1.37,8.14576832583516,ok
799,99,0,436121.12,6479133.44,436124.2,6479130.88,4408.09,694.2781194881314,1.369,8.540128009692866,ok
800,79,0,436133.88,6479139.2,436127.68,6479132.16,4423.43,708.2530621182482,1.373,8.289041172178958,ok
801,80,0,436134.12,6479139.2,436127.68,6479132.16,4423.43,708.4772583505152,1.373,8.544907422072113,ok
802,81,0,436134.56,6479137.92,436127.68,6479132.16,4423.43,708.4328541222062,1.373,8.674084408260951,ok
803,82,0,436134.56,6479139.2,436127.68,6479132.16,4423.43,708.8883116541462,1.373,8.716153354480939,ok
804,83,0,436134.36,6479139.2,436127.68,6479132.16,4423.43,708.7014649341783,1.373,8.490951611775506,ok
805,79,0,436133.88,6479139.2,436131.12,6479132.8,4438.67,708.2530621182482,1.377,8.573351869968368,ok
806,80,0,436134.12,6479139.2,436131.12,6479132.8,4438.67,708.4772583505152,1.3760000000000001,8.69668945035193,ok
807,81,0,436134.56,6479137.92,436131.12,6479132.8,4438.67,708.4328541222062,1.3760000000000001,8.12325242330419,ok
808,82,0,436134.56,6479139.2,436131.12,6479132.8,4438.67,708.8883116541462,1.3760000000000001,8.244054327354121,ok
809,83,0,436134.36,6479139.2,436131.12,6479132.8,4438.67,708.7014649341783,1.377,8.045797766125592,ok
810,79,0,436133.88,6479139.2,436134.56,6479134.08,4453.91,708.2530621182482,1.381,8.662486099844157,ok
811,80,0,436134.12,6479139.2,436134.56,6479134.08,4453.91,708.4772583505152,1.3800000000000001,8.086245418044559,ok
812,81,0,436134.56,6479137.92,436134.56,6479134.08,4453.91,708.4328541222062,1.3800000000000001,8.174734196008139,ok
813,82,0,436134.56,6479139.2,436134.56,6479134.08,4453.91,708.8883116541462,1.3800000000000001,8.428336492829484,ok
814,83,0,436134.36,6479139.2,436134.56,6479134.08,4453.91,708.7014649341783,1.3800000000000001,8.222986148002652,ok
815,79,0,436133.88,6479139.2,436137.96,6479135.36,4469.150000000001,708.2530621182482,1.385,8.18904195417073,ok
816,80,0,436134.12,6479139.2,436137.96,6479135.36,4469.150000000001,708.4772583505152,1.3840000000000001,8.385139135541493,ok
817,81,0,436134.56,6479137.92,436137.96,6479135.36,4469.150000000001,708.4328541222062,1.3840000000000001,8.539564175917453,ok
818,82,0,436134.56,6479139.2,436137.96,6479135.36,4469.150000000001,708.8883116541462,1.3840000000000001,8.669476186362033,ok
819,83,0,436134.36,6479139.2,436137.96,6479135.36,4469.150000000001,708.7014649341783,1.3840000000000001,8.448961678764917,ok
820,68,0,436148.0,6479143.68,436141.44,6479137.28,4484.31,723.0425414867491,1.3880000000000001,8.50951970945345,ok
821,69,0,436147.8,6479143.68,436141.44,6479137.28,4484.31,722.8556348259323,1.3880000000000001,8.559408568592879,ok
822,70,0,436148.16000000003,6479143.68,436141.44,6479137.28,4484.31,723.1920718589643,1.3880000000000001,8.527340600453968,ok
823,73,0,436146.64,6479146.24,436141.44,6479137.28,4484.31,722.688200540111,1.3920000000000001,8.134710252125773,ok
824,74,0,436146.92,6479146.24,436141.44,6479137.28,4484.31,722.9494831589984,1.387,8.473374837809494,ok
825,75,0,436147.52,6479146.24,436141.44,6479137.28,4484.31,723.5094216386611,1.387,8.152506616843137,ok
826,76,0,436147.32,6479146.24,436141.44,6479137.28,4484.31,723.3227683405896,1.387,8.294684391813657,ok
827,77,0,436147.16000000003,6479146.24,436141.44,6479137.28,4484.31,723.1734508400657,1.387,8.050067992731506,ok
828,78,0,436146.84,6479146.24,436141.44,6479137.28,4484.31,722.8748295520597,1.387,8.02486731331998,ok
829,68,0,436148.0,6479143.68,436144.92,6479138.5600000005,4499.55,723.0425414867491,1.3920000000000001,8.714539447780124,ok
830,69,0,436147.8,6479143.68,436144.92,6479138.5600000005,4499.55,722.8556348259323,1.3920000000000001,8.674343731201919,ok
831,70,0,436148.16000000003,6479143.68,436144.92,6479138.5600000005,4499.55,723.1920718589643,1.3920000000000001,8.031722551171477,ok
832,73,0,436146.64,6479146.24,436144.92,6479138.5600000005,4499.55,722.688200540111,1.3960000000000001,8.24595865670627,ok
833,74,0,436146.92,6479146.24,436144.92,6479138.5600000005,4499.55,722.9494831589984,1.391,8.536393078569217,ok
834,75,0,436147.52,6479146.24,436144.92,6479138.5600000005,4499.55,723.5094216386611,1.391,8.237918147757764,ok
835,76,0,436147.32,6479146.24,436144.92,6479138.5600000005,4499.55,723.3227683405896,1.391,8.461270189282917,ok
836,77,0,436147.16000000003,6479146.24,436144.92,6479138.5600000005,4499.55,723.1734508400657,1.391,8.146244915358068,ok
837,78,0,436146.84,6479146.24,436144.92,6479138.5600000005,4499.55,722.8748295520597,1.391,8.207478867675254,ok
838,68,0,436148.0,6479143.68,436148.36,6479139.2,4514.79,723.0425414867491,1.395,8.347347389479175,ok
839,69,0,436147.8,6479143.68,436148.36,6479139.2,4514.79,722.8556348259323,1.395,8.406299023981685,ok
840,70,0,436148.16000000003,6479143.68,436148.36,6479139.2,4514.79,723.1920718589643,1.395,8.387948694539922,ok
841,73,0,436146.64,6479146.24,436148.36,6479139.2,4514.79,722.688200540111,1.4000000000000001,8.572544849424206,ok
842,74,0,436146.92,6479146.24,436148.36,6479139.2,4514.79,722.9494831589984,1.395,8.68092998271284,ok
843,75,0,436147.52,6479146.24,436148.36,6479139.2,4514.79,723.5094216386611,1.395,8.596621582394288,ok
844,76,0,436147.32,6479146.24,436148.36,6479139.2,4514.79,723.3227683405896,1.3940000000000001,8.735546638663582,ok
845,77,0,436147.16000000003,6479146.24,436148.36,6479139.2,4514.79,723.1734508400657,1.395,8.42843541128262,ok
846,78,0,436146.84,6479146.24,436148.36,6479139.2,4514.79,722.8748295520597,1.395,8.585603739954577,ok
847,68,0,436148.0,6479143.68,436151.8,6479141.76,4530.03,723.0425414867491,1.399,8.436205353858602,ok
848,69,0,436147.8,6479143.68,436151.8,6479141.76,4530.03,722.8556348259323,1.399,8.46952799240534,ok
849,70,0,436148.16000000003,6479143.68,436151.8,6479141.76,4530.03,723.1920718589643,1.399,8.429934471743909,ok
850,73,0,436146.64,6479146.24,436151.8,6479141.76,4530.03,722.688200540111,1.4040000000000001,8.618110093537375,ok
851,74,0,436146.92,6479146.24,436151.8,6479141.76,4530.03,722.9494831589984,1.3980000000000001,8.105846179868845,ok
852,75,0,436147.52,6479146.24,436151.8,6479141.76,4530.03,723.5094216386611,1.3980000000000001,8.040765473181139,ok
853,76,0,436147.32,6479146.24,436151.8,6479141.76,4530.03,723.3227683405896,1.3980000000000001,8.158217856323988,ok
854,77,0,436147.16000000003,6479146.24,436151.8,6479141.76,4530.03,723.1734508400657,1.399,8.516259159880025,ok
855,78,0,436146.84,6479146.24,436151.8,6479141.76,4530.03,722.8748295520597,1.399,8.043172443228311,ok
